, BR, Doomben, 1, 2011-10-05T12:58:00, 1350, 2, 1, 3, 9, 56, COGNITO ERGO SUM, N THOMAS, 1, False
, BR, Doomben, 1, 2011-10-05T12:58:00, 1350, 2, 1, 3, 4, 56, KING OF FLORENCE, J BOWDITCH, 2, False
, BR, Doomben, 1, 2011-10-05T12:58:00, 1350, 2, 1, 3, 2, 56, NO MORE BULL, A PATTILLO, 3, False
, BR, Doomben, 1, 2011-10-05T12:58:00, 1350, 2, 1, 3, 1, 56, OCELTIP, MATTHEW PALMER, 4, False
, BR, Doomben, 1, 2011-10-05T12:58:00, 1350, 2, 1, 3, 11, 56, TENACIOUS JACK, L CASSIDY, 5, False
, BR, Doomben, 1, 2011-10-05T12:58:00, 1350, 2, 1, 3, 6, 56, TICKLED, D GRIFFIN, 6, False
, BR, Doomben, 1, 2011-10-05T12:58:00, 1350, 2, 1, 3, 3, 56, TIGHT REIGN, D BROWNE, 7, False
, BR, Doomben, 1, 2011-10-05T12:58:00, 1350, 2, 1, 3, 12, 54, ANNIE'S LOGIC, M HELLYER(A), 8, False
, BR, Doomben, 1, 2011-10-05T12:58:00, 1350, 2, 1, 3, 5, 54, ENDLESS SHADOW, J BYRNE, 9, False
, BR, Doomben, 1, 2011-10-05T12:58:00, 1350, 2, 1, 3, 7, 54, OUR DESIGN, G COLLESS, 10, True
, BR, Doomben, 1, 2011-10-05T12:58:00, 1350, 2, 1, 3, 10, 54, SILENT CHARADES, T BELL(A), 11, False
, BR, Doomben, 1, 2011-10-05T12:58:00, 1350, 2, 1, 3, 8, 54, SWEET AND VICIOUS, C MUNCE, 12, False
, BR, Doomben, 2, 2011-10-05T13:33:00, 1350, 2, 1, 3, 4, 57.5, CRAIGELLACHIE, P KEANE(A), 1, False
, BR, Doomben, 2, 2011-10-05T13:33:00, 1350, 2, 1, 3, 9, 57.5, SMART 'N' CRAFTY, A BUTLER(A), 2, False
, BR, Doomben, 2, 2011-10-05T13:33:00, 1350, 2, 1, 3, 5, 56, EXECUTIVE OFFICER, L CASSIDY, 3, False
, BR, Doomben, 2, 2011-10-05T13:33:00, 1350, 2, 1, 3, 1, 56, KING BAROO, J BOWDITCH, 4, False
, BR, Doomben, 2, 2011-10-05T13:33:00, 1350, 2, 1, 3, 2, 56, MORONGLA, L CHESHIRE, 5, False
, BR, Doomben, 2, 2011-10-05T13:33:00, 1350, 2, 1, 3, 3, 56, NASSAVETTE, N THOMAS, 6, False
, BR, Doomben, 2, 2011-10-05T13:33:00, 1350, 2, 1, 3, 7, 56, TEN SECONDS, C MUNCE, 7, True
, BR, Doomben, 2, 2011-10-05T13:33:00, 1350, 2, 1, 3, 8, 56, UMANUGGET, J BYRNE, 8, False
, BR, Doomben, 2, 2011-10-05T13:33:00, 1350, 2, 1, 3, 6, 54, LINES OF TIME, MATTHEW PALMER, 9, False
, BR, Doomben, 3, 2011-10-05T14:10:00, 1640, 2, 1, 3, 8, 57, TREASURED HONOUR, B LOOKER(A), 1, False
, BR, Doomben, 3, 2011-10-05T14:10:00, 1640, 2, 1, 3, 12, 55.5, MR DUBAI, D GRIFFIN, 2, False
, BR, Doomben, 3, 2011-10-05T14:10:00, 1640, 2, 1, 3, 2, 54, ONAROHL, MATTHEW PALMER, 3, False
, BR, Doomben, 3, 2011-10-05T14:10:00, 1640, 2, 1, 3, 7, 54, TERETOA, C MUNCE, 4, False
, BR, Doomben, 3, 2011-10-05T14:10:00, 1640, 2, 1, 3, 9, 53.5, DJEBEL'S IMPACT, L CASSIDY, 5, False
, BR, Doomben, 3, 2011-10-05T14:10:00, 1640, 2, 1, 3, 3, 53.5, INGLESIDE, P SCHMIDT(A), 6, False
, BR, Doomben, 3, 2011-10-05T14:10:00, 1640, 2, 1, 3, 1, 53.5, LADY RACER, T BELL(A), 7, False
, BR, Doomben, 3, 2011-10-05T14:10:00, 1640, 2, 1, 3, 11, 53.5, PROWLING HOUR, E WILKINSON, 8, False
, BR, Doomben, 3, 2011-10-05T14:10:00, 1640, 2, 1, 3, 6, 53.5, PUERTO VALLARTA, J BYRNE, 9, True
, BR, Doomben, 3, 2011-10-05T14:10:00, 1640, 2, 1, 3, 10, 53.5, SILABELLA, M HELLYER(A), 10, False
, BR, Doomben, 3, 2011-10-05T14:10:00, 1640, 2, 1, 3, 4, 53.5, TARTURI, J BOWDITCH, 11, False
, BR, Doomben, 3, 2011-10-05T14:10:00, 1640, 2, 1, 3, 5, 53.5, ZIGURAT, R WIGGINS, 12, False
, BR, Doomben, 4, 2011-10-05T14:48:00, 1110, 2, 1, 3, 1, 56, CALL ME COBBER, JASON TAYLOR, 1, False
, BR, Doomben, 4, 2011-10-05T14:48:00, 1110, 2, 1, 3, 13, 56, COSTA DELIGHT, J WARRINGTON, 2, False
, BR, Doomben, 4, 2011-10-05T14:48:00, 1110, 2, 1, 3, 12, 56, DENMARK HILL, J HOOPERT, 3, False
, BR, Doomben, 4, 2011-10-05T14:48:00, 1110, 2, 1, 3, 10, 56, EIGHT O'CLOCK ROCK, M HELLYER(A), 4, False
, BR, Doomben, 4, 2011-10-05T14:48:00, 1110, 2, 1, 3, 4, 56, EQUALES, L CASSIDY, 5, True
, BR, Doomben, 4, 2011-10-05T14:48:00, 1110, 2, 1, 3, 2, 56, MANN MAGIC, D BARRON, 6, False
, BR, Doomben, 4, 2011-10-05T14:48:00, 1110, 2, 1, 3, 9, 56, MISHANI STEELE, J BOWDITCH, 7, False
, BR, Doomben, 4, 2011-10-05T14:48:00, 1110, 2, 1, 3, 7, 56, ROCK MODE, P SCHMIDT(A), 8, False
, BR, Doomben, 4, 2011-10-05T14:48:00, 1110, 2, 1, 3, 3, 56, SEVEN WONDERS, T BELL(A), 9, False
, BR, Doomben, 4, 2011-10-05T14:48:00, 1110, 2, 1, 3, 8, 56, SILVER COMMAND, C MUNCE, 10, False
, BR, Doomben, 4, 2011-10-05T14:48:00, 1110, 2, 1, 3, 5, 54.5, MILITARY MANOR, D GRIFFIN, 11, False
, BR, Doomben, 4, 2011-10-05T14:48:00, 1110, 2, 1, 3, 6, 54.5, VACALLO, J BYRNE, 12, False
, BR, Doomben, 5, 2011-10-05T15:28:00, 1110, 2, 1, 3, 6, 56, ANGIE'S HEART, D GRIFFIN, 1, False
, BR, Doomben, 5, 2011-10-05T15:28:00, 1110, 2, 1, 3, 11, 56, BORODULINA, J BYRNE, 2, False
, BR, Doomben, 5, 2011-10-05T15:28:00, 1110, 2, 1, 3, 4, 56, CANSHELOVE, D BROWNE, 3, False
, BR, Doomben, 5, 2011-10-05T15:28:00, 1110, 2, 1, 3, 1, 56, COOL RAPIDS, R MCMAHON, 4, True
, BR, Doomben, 5, 2011-10-05T15:28:00, 1110, 2, 1, 3, 8, 56, TIMELY SURPRISE, A BUTLER(A), 5, False
, BR, Doomben, 5, 2011-10-05T15:28:00, 1110, 2, 1, 3, 2, 56, TIYATRO, C MUNCE, 6, False
, BR, Doomben, 5, 2011-10-05T15:28:00, 1110, 2, 1, 3, 3, 54.5, DEVOLANTE, M HELLYER(A), 7, False
, BR, Doomben, 5, 2011-10-05T15:28:00, 1110, 2, 1, 3, 7, 54.5, FAIR SQUARE, R WIGGINS, 9, False
, BR, Doomben, 5, 2011-10-05T15:28:00, 1110, 2, 1, 3, 12, 54.5, GORGEOUS GOLDIE, A MUNDY, 10, False
, BR, Doomben, 5, 2011-10-05T15:28:00, 1110, 2, 1, 3, 15, 54.5, LADY GUEVARA, JASON TAYLOR, 11, False
, BR, Doomben, 5, 2011-10-05T15:28:00, 1110, 2, 1, 3, 5, 54.5, LADY MARY, L CASSIDY, 12, False
, BR, Doomben, 5, 2011-10-05T15:28:00, 1110, 2, 1, 3, 13, 54.5, OVER IN SECONDS, P SCHMIDT(A), 13, False
, BR, Doomben, 5, 2011-10-05T15:28:00, 1110, 2, 1, 3, 9, 56, LUCKY SKATER, T BELL(A), 15, False
, BR, Doomben, 6, 2011-10-05T16:08:00, 1110, 2, 1, 3, 8, 59, MISTER CELESTIAL, P SCHMIDT(A), 1, False
, BR, Doomben, 6, 2011-10-05T16:08:00, 1110, 2, 1, 3, 7, 56, DANEOMITE, L ROLLS(A), 2, False
, BR, Doomben, 6, 2011-10-05T16:08:00, 1110, 2, 1, 3, 1, 55.5, PRIME COGNAC, R WIGGINS, 3, True
, BR, Doomben, 6, 2011-10-05T16:08:00, 1110, 2, 1, 3, 4, 53.5, MARTHA'S VINEYARD, J BYRNE, 4, False
, BR, Doomben, 6, 2011-10-05T16:08:00, 1110, 2, 1, 3, 6, 53, BLIND JUSTICE, J BOWDITCH, 5, False
, BR, Doomben, 6, 2011-10-05T16:08:00, 1110, 2, 1, 3, 3, 53, AKERMAGIC, M HELLYER(A), 6, False
, BR, Doomben, 6, 2011-10-05T16:08:00, 1110, 2, 1, 3, 9, 53, LA CHANCE FINALE, A BUTLER(A), 7, False
, BR, Doomben, 6, 2011-10-05T16:08:00, 1110, 2, 1, 3, 10, 53, BAA BAA JET, C MUNCE, 8, False
, BR, Doomben, 6, 2011-10-05T16:08:00, 1110, 2, 1, 3, 11, 53, BRETONNEUX, B LOOKER(A), 9, False
, BR, Doomben, 6, 2011-10-05T16:08:00, 1110, 2, 1, 3, 2, 53, MASTER FIBBA, MATTHEW PALMER, 10, False
, BR, Doomben, 6, 2011-10-05T16:08:00, 1110, 2, 1, 3, 5, 53, ALL KIWI, L CUMBERLAND, 11, False
, BR, Doomben, 7, 2011-10-05T16:48:00, 1640, 2, 1, 3, 10, 57, PREACHER BOY, P SCHMIDT(A), 1, True
, BR, Doomben, 7, 2011-10-05T16:48:00, 1640, 2, 1, 3, 2, 56, SHADOW BUSTER, D BROWNE, 2, False
, BR, Doomben, 7, 2011-10-05T16:48:00, 1640, 2, 1, 3, 8, 54.5, GOTCHA, J BYRNE, 3, False
, BR, Doomben, 7, 2011-10-05T16:48:00, 1640, 2, 1, 3, 1, 54.5, NEWLAND WARRIOR, J BYRNE, 4, False
, BR, Doomben, 7, 2011-10-05T16:48:00, 1640, 2, 1, 3, 7, 53.5, WAVE DANCING, B LOOKER(A), 5, False
, BR, Doomben, 7, 2011-10-05T16:48:00, 1640, 2, 1, 3, 9, 53.5, HELLUVA HURRY, B WALLACE(A), 6, False
, BR, Doomben, 7, 2011-10-05T16:48:00, 1640, 2, 1, 3, 5, 53.5, WORLD BY NIGHT, L ROLLS(A), 7, False
, BR, Doomben, 7, 2011-10-05T16:48:00, 1640, 2, 1, 3, 6, 53.5, ALL THE TORQUE, L CASSIDY, 8, False
, BR, Doomben, 7, 2011-10-05T16:48:00, 1640, 2, 1, 3, 12, 53.5, ENEMYATTHEGATE, JASON TAYLOR, 9, False
, BR, Doomben, 7, 2011-10-05T16:48:00, 1640, 2, 1, 3, 11, 53.5, TOM'S CHOICE, C MUNCE, 10, False
, BR, Doomben, 7, 2011-10-05T16:48:00, 1640, 2, 1, 3, 4, 53.5, TUSCANARROW, T BELL(A), 11, False
, BR, Doomben, 7, 2011-10-05T16:48:00, 1640, 2, 1, 3, 3, 53.5, EAT MORE DUST, M HELLYER(A), 12, False
, SR, Canterbury, 1, 2011-10-05T12:16:00, 1550, 1, 3, 6, 10, 58, SURRCOSTA, J CASSIDY, 1, False
, SR, Canterbury, 1, 2011-10-05T12:16:00, 1550, 1, 3, 6, 7, 57.5, KING BROWN, C REITH, 2, False
, SR, Canterbury, 1, 2011-10-05T12:16:00, 1550, 1, 3, 6, 5, 57.5, RALEIGH, T BERRY, 3, False
, SR, Canterbury, 1, 2011-10-05T12:16:00, 1550, 1, 3, 6, 6, 57, SHUSWAP, H BOWMAN, 4, True
, SR, Canterbury, 1, 2011-10-05T12:16:00, 1550, 1, 3, 6, 11, 57, TOGNETTI, R QUINN, 5, False
, SR, Canterbury, 1, 2011-10-05T12:16:00, 1550, 1, 3, 6, 1, 56, ANGELUS, K MCEVOY, 6, False
, SR, Canterbury, 1, 2011-10-05T12:16:00, 1550, 1, 3, 6, 4, 56, FRIDAY HUSSY, B AVDULLA, 7, False
, SR, Canterbury, 1, 2011-10-05T12:16:00, 1550, 1, 3, 6, 12, 56, HERCULIAN PRINCESS, C SCHOFIELD(A), 8, False
, SR, Canterbury, 1, 2011-10-05T12:16:00, 1550, 1, 3, 6, 13, 55.5, FLYING AQUILA, C BROWN, 9, False
, SR, Canterbury, 1, 2011-10-05T12:16:00, 1550, 1, 3, 6, 2, 55.5, MORE BUBBLY, G SCHOFIELD, 10, False
, SR, Canterbury, 1, 2011-10-05T12:16:00, 1550, 1, 3, 6, 14, 56.5, CRIMSON LAKE, G SCHOFIELD, 11, False
, SR, Canterbury, 1, 2011-10-05T12:16:00, 1550, 1, 3, 6, 3, 54.5, BOLD SARI, B SPRIGGS(A), 13, False
, SR, Canterbury, 1, 2011-10-05T12:16:00, 1550, 1, 3, 6, 9, 54.5, SHOW US IT'S MAGIC, J FORD, 14, False
, SR, Canterbury, 2, 2011-10-05T12:51:00, 1250, 1, 3, 6, 7, 56, BILKO, C REITH, 1, False
, SR, Canterbury, 2, 2011-10-05T12:51:00, 1250, 1, 3, 6, 12, 56, FLUCTUATIONS, P WELLS, 2, False
, SR, Canterbury, 2, 2011-10-05T12:51:00, 1250, 1, 3, 6, 11, 56, HE'S A KNOCKOUT, J FORD, 3, False
, SR, Canterbury, 2, 2011-10-05T12:51:00, 1250, 1, 3, 6, 2, 56, NEOMAGIC, T BERRY, 4, False
, SR, Canterbury, 2, 2011-10-05T12:51:00, 1250, 1, 3, 6, 3, 56, SAID COM, H BOWMAN, 5, True
, SR, Canterbury, 2, 2011-10-05T12:51:00, 1250, 1, 3, 6, 9, 56, SCREAM MACHINE, A HYERONIMUS(A), 6, False
, SR, Canterbury, 2, 2011-10-05T12:51:00, 1250, 1, 3, 6, 6, 56, SUITS US, J CASSIDY, 7, False
, SR, Canterbury, 2, 2011-10-05T12:51:00, 1250, 1, 3, 6, 5, 56, TOFFLER, C BROWN, 8, False
, SR, Canterbury, 2, 2011-10-05T12:51:00, 1250, 1, 3, 6, 10, 54, AIN'T SHE GRAND, K MCEVOY, 9, False
, SR, Canterbury, 2, 2011-10-05T12:51:00, 1250, 1, 3, 6, 8, 54, EVER THE SAME, N BERRY, 10, False
, SR, Canterbury, 2, 2011-10-05T12:51:00, 1250, 1, 3, 6, 1, 54, PIMENTO, B AVDULLA, 11, False
, SR, Canterbury, 2, 2011-10-05T12:51:00, 1250, 1, 3, 6, 13, 54, PRINCESS LAYLA, G SCHOFIELD, 12, False
, SR, Canterbury, 2, 2011-10-05T12:51:00, 1250, 1, 3, 6, 4, 54, SNOW EMPRESS, M BELL, 13, False
, SR, Canterbury, 3, 2011-10-05T13:26:00, 1550, 1, 7, 5, 6, 58, FINE DROP, G SCHOFIELD, 1, False
, SR, Canterbury, 3, 2011-10-05T13:26:00, 1550, 1, 7, 5, 2, 57, NEXTANIX, J PENZA, 2, False
, SR, Canterbury, 3, 2011-10-05T13:26:00, 1550, 1, 7, 5, 9, 56.5, INDIAN TRADER, C BROWN, 3, False
, SR, Canterbury, 3, 2011-10-05T13:26:00, 1550, 1, 7, 5, 1, 55, HARRY THE FOX, H BOWMAN, 4, False
, SR, Canterbury, 3, 2011-10-05T13:26:00, 1550, 1, 7, 5, 4, 55, NORMA BETTY'S BOY, J FORD, 5, False
, SR, Canterbury, 3, 2011-10-05T13:26:00, 1550, 1, 7, 5, 8, 54.5, ROCK 'N' RUMBLE, B AVDULLA, 6, False
, SR, Canterbury, 3, 2011-10-05T13:26:00, 1550, 1, 7, 5, 5, 54, MR HONG KONG, C SCHOFIELD(A), 7, True
, SR, Canterbury, 3, 2011-10-05T13:26:00, 1550, 1, 7, 5, 11, 53.5, PANSIES, K MCEVOY, 8, False
, SR, Canterbury, 3, 2011-10-05T13:26:00, 1550, 1, 7, 5, 12, 53.5, SWITMOA, R QUINN, 9, False
, SR, Canterbury, 3, 2011-10-05T13:26:00, 1550, 1, 7, 5, 7, 53, SONRO, J COLLINS(A), 10, False
, SR, Canterbury, 3, 2011-10-05T13:26:00, 1550, 1, 7, 5, 3, 53.5, AUREO, C REITH, 11, False
, SR, Canterbury, 4, 2011-10-05T14:02:00, 1100, 1, 7, 5, 9, 63, READINESS, M MCGUREN(A), 1, False
, SR, Canterbury, 4, 2011-10-05T14:02:00, 1100, 1, 7, 5, 5, 61, OAKFIELD BEAUTY, B VASSALLO(A), 2, False
, SR, Canterbury, 4, 2011-10-05T14:02:00, 1100, 1, 7, 5, 6, 58.5, THE BLUES, K MCEVOY, 3, True
, SR, Canterbury, 4, 2011-10-05T14:02:00, 1100, 1, 7, 5, 1, 57.5, MY DESTINY, B AVDULLA, 4, False
, SR, Canterbury, 4, 2011-10-05T14:02:00, 1100, 1, 7, 5, 2, 57, DEHERE HUNTER, H BOWMAN, 6, False
, SR, Canterbury, 4, 2011-10-05T14:02:00, 1100, 1, 7, 5, 3, 57, KAYPERS, C REITH, 7, False
, SR, Canterbury, 4, 2011-10-05T14:02:00, 1100, 1, 7, 5, 8, 56.5, ADULTERER, S CLIPPERTON(A), 8, False
, SR, Canterbury, 4, 2011-10-05T14:02:00, 1100, 1, 7, 5, 4, 55.5, GOLDROSSA, R QUINN, 9, False
, SR, Canterbury, 4, 2011-10-05T14:02:00, 1100, 1, 7, 5, 10, 53, POMPEY, B SPRIGGS(A), 10, False
, SR, Canterbury, 5, 2011-10-05T14:40:00, 1550, 1, 7, 5, 1, 59, RAIN SPECIAL, C SCHOFIELD(A), 1, False
, SR, Canterbury, 5, 2011-10-05T14:40:00, 1550, 1, 7, 5, 6, 58.5, VIVA LAS, B VASSALLO(A), 2, False
, SR, Canterbury, 5, 2011-10-05T14:40:00, 1550, 1, 7, 5, 7, 56.5, HIDE 'N' DASH, J PARR, 3, False
, SR, Canterbury, 5, 2011-10-05T14:40:00, 1550, 1, 7, 5, 9, 56.5, LIL AND GRACE, G SCHOFIELD, 4, False
, SR, Canterbury, 5, 2011-10-05T14:40:00, 1550, 1, 7, 5, 4, 56, APPARITIONS, B AVDULLA, 5, False
, SR, Canterbury, 5, 2011-10-05T14:40:00, 1550, 1, 7, 5, 3, 56, MISSHIRAZ, S CLIPPERTON(A), 6, False
, SR, Canterbury, 5, 2011-10-05T14:40:00, 1550, 1, 7, 5, 8, 56, SAVANNAH'S CHOICE, H BOWMAN, 7, True
, SR, Canterbury, 5, 2011-10-05T14:40:00, 1550, 1, 7, 5, 11, 55.5, TROPICANA GIRL, J CASSIDY, 8, False
, SR, Canterbury, 5, 2011-10-05T14:40:00, 1550, 1, 7, 5, 2, 54.5, PLATINUM RED, K MCEVOY, 9, False
, SR, Canterbury, 5, 2011-10-05T14:40:00, 1550, 1, 7, 5, 10, 53, SWERTE BELLA, C REITH, 10, False
, SR, Canterbury, 5, 2011-10-05T14:40:00, 1550, 1, 7, 5, 12, 53, BLURRED VISION, T BERRY, 11, False
, SR, Canterbury, 5, 2011-10-05T14:40:00, 1550, 1, 7, 5, 5, 53, CATCH A THIEF, C BROWN, 12, False
, SR, Canterbury, 6, 2011-10-05T15:20:00, 1900, 1, 7, 5, 8, 58, BE INVINCIBLE, H BOWMAN, 1, False
, SR, Canterbury, 6, 2011-10-05T15:20:00, 1900, 1, 7, 5, 6, 53, PRAISE BE, C BROWN, 2, False
, SR, Canterbury, 6, 2011-10-05T15:20:00, 1900, 1, 7, 5, 9, 53, RAIN DRUM, T BERRY, 3, True
, SR, Canterbury, 6, 2011-10-05T15:20:00, 1900, 1, 7, 5, 2, 53, QUEEN'S FASHION, B AVDULLA, 4, False
, SR, Canterbury, 6, 2011-10-05T15:20:00, 1900, 1, 7, 5, 3, 53, RIDOTTO, G SCHOFIELD, 5, False
, SR, Canterbury, 6, 2011-10-05T15:20:00, 1900, 1, 7, 5, 7, 53, SAGE OF OMAHA, N BERRY, 6, False
, SR, Canterbury, 6, 2011-10-05T15:20:00, 1900, 1, 7, 5, 1, 53, OUT OF THE SHADOW, C REITH, 7, False
, SR, Canterbury, 6, 2011-10-05T15:20:00, 1900, 1, 7, 5, 11, 53, ZAFAAF, S CLIPPERTON(A), 8, False
, SR, Canterbury, 6, 2011-10-05T15:20:00, 1900, 1, 7, 5, 4, 53, HYDROPHILIC, L G HENRY, 10, False
, SR, Canterbury, 6, 2011-10-05T15:20:00, 1900, 1, 7, 5, 10, 53, MR JOMAR, C SCHOFIELD(A), 11, False
, SR, Canterbury, 6, 2011-10-05T15:20:00, 1900, 1, 7, 5, 5, 53, LAKE EERIE, M BELL, 12, False
, SR, Canterbury, 7, 2011-10-05T16:00:00, 1250, 1, 7, 5, 6, 58, ACTA NON VERBA, G SCHOFIELD, 1, False
, SR, Canterbury, 7, 2011-10-05T16:00:00, 1250, 1, 7, 5, 4, 58, STRAIGHT ALBERT, N BERRY, 2, False
, SR, Canterbury, 7, 2011-10-05T16:00:00, 1250, 1, 7, 5, 7, 57, EMPORACAT, T BERRY, 3, False
, SR, Canterbury, 7, 2011-10-05T16:00:00, 1250, 1, 7, 5, 15, 57, WAKANDA, G SCHOFIELD, 4, False
, SR, Canterbury, 7, 2011-10-05T16:00:00, 1250, 1, 7, 5, 9, 56.5, INTERPRET, K MCEVOY, 5, False
, SR, Canterbury, 7, 2011-10-05T16:00:00, 1250, 1, 7, 5, 18, 56.5, REGAL BAY, J FORD, 6, False
, SR, Canterbury, 7, 2011-10-05T16:00:00, 1250, 1, 7, 5, 16, 56, MEMORABLE MOMENT, H BOWMAN, 7, False
, SR, Canterbury, 7, 2011-10-05T16:00:00, 1250, 1, 7, 5, 17, 56, THAT'S CRICKET, A STOKES(A), 8, True
, SR, Canterbury, 7, 2011-10-05T16:00:00, 1250, 1, 7, 5, 1, 55.5, BARE BEAR, C REITH, 9, False
, SR, Canterbury, 7, 2011-10-05T16:00:00, 1250, 1, 7, 5, 3, 55, OAKFIELD GEM, J CASSIDY, 10, False
, SR, Canterbury, 7, 2011-10-05T16:00:00, 1250, 1, 7, 5, 14, 54.5, BIGGIETUPAC, C SCHOFIELD(A), 11, False
, SR, Canterbury, 7, 2011-10-05T16:00:00, 1250, 1, 7, 5, 2, 54.5, L'ACADEMIE DE JOIE, C BROWN, 12, False
, SR, Canterbury, 7, 2011-10-05T16:00:00, 1250, 1, 7, 5, 13, 54.5, PERSIAN STORM, R QUINN, 13, False
, SR, Canterbury, 7, 2011-10-05T16:00:00, 1250, 1, 7, 5, 11, 54.5, WATSON, C BUCKLEY(A), 14, False
, SR, Canterbury, 7, 2011-10-05T16:00:00, 1250, 1, 7, 5, 8, 54.5, SEEYASOON, B AVDULLA, 15, False
, SR, Canterbury, 7, 2011-10-05T16:00:00, 1250, 1, 7, 5, 5, 53.5, HOT SNAP, S CLIPPERTON(A), 17, False
, NR, Bathurst, 1, 2011-10-05T12:30:00, 1300, 1, 3, 6, 3, 57, BATTLEMENT, G BUCKLEY, 1, False
, NR, Bathurst, 1, 2011-10-05T12:30:00, 1300, 1, 3, 6, 6, 56, TRACK RECORD, M LISTER, 2, False
, NR, Bathurst, 1, 2011-10-05T12:30:00, 1300, 1, 3, 6, 7, 54.5, CATLIKE, MATHEW CAHILL, 3, False
, NR, Bathurst, 1, 2011-10-05T12:30:00, 1300, 1, 3, 6, 8, 54, ANAHEID, J PRACEY-HOLMES(A), 4, False
, NR, Bathurst, 1, 2011-10-05T12:30:00, 1300, 1, 3, 6, 5, 54, CLUTTER, J W STANLEY, 5, False
, NR, Bathurst, 1, 2011-10-05T12:30:00, 1300, 1, 3, 6, 9, 54, EN FOR NELLIE, L WRAY(A), 6, True
, NR, Bathurst, 1, 2011-10-05T12:30:00, 1300, 1, 3, 6, 1, 54, JAYBOY, T JEFFRIES(A), 7, False
, NR, Bathurst, 1, 2011-10-05T12:30:00, 1300, 1, 3, 6, 2, 54, MIA STRATO, G RYAN, 8, False
, NR, Bathurst, 1, 2011-10-05T12:30:00, 1300, 1, 3, 6, 4, 54, SECRET QUEST, L MOLONEY, 9, False
, NR, Bathurst, 2, 2011-10-05T13:05:00, 2000, 1, 3, 6, 1, 59, OLD MYSTIQUE, M HACKETT, 1, False
, NR, Bathurst, 2, 2011-10-05T13:05:00, 2000, 1, 3, 6, 5, 55, MONTE CASSIUS, G BUCKLEY, 2, True
, NR, Bathurst, 2, 2011-10-05T13:05:00, 2000, 1, 3, 6, 6, 55, PADGINO, J W STANLEY, 3, False
, NR, Bathurst, 2, 2011-10-05T13:05:00, 2000, 1, 3, 6, 3, 54, CROOKED SMILE, G RYAN, 4, False
, NR, Bathurst, 2, 2011-10-05T13:05:00, 2000, 1, 3, 6, 4, 54, BELNOVA, R FREEMAN-KEY, 5, False
, NR, Bathurst, 2, 2011-10-05T13:05:00, 2000, 1, 3, 6, 2, 54, GREYLAND, K DUNBAR, 6, False
, NR, Bathurst, 3, 2011-10-05T13:40:00, 1200, 1, 3, 6, 5, 59.5, JULY OPERA, T MARNEY, 1, False
, NR, Bathurst, 3, 2011-10-05T13:40:00, 1200, 1, 3, 6, 7, 56, NAVAL PRINCE, G RYAN, 2, False
, NR, Bathurst, 3, 2011-10-05T13:40:00, 1200, 1, 3, 6, 6, 54, MONSIEUR BRUIT, R FREEMAN-KEY, 3, True
, NR, Bathurst, 3, 2011-10-05T13:40:00, 1200, 1, 3, 6, 4, 54, COOL RACER, G BUCKLEY, 4, False
, NR, Bathurst, 3, 2011-10-05T13:40:00, 1200, 1, 3, 6, 3, 54, KRAKEN JOKES, J W STANLEY, 5, False
, NR, Bathurst, 3, 2011-10-05T13:40:00, 1200, 1, 3, 6, 2, 54, LITTLE BEAUZAM, JEFF KEHOE, 6, False
, NR, Bathurst, 3, 2011-10-05T13:40:00, 1200, 1, 3, 6, 1, 54, ROUGH SHOT, J PRACEY-HOLMES(A), 7, False
, NR, Bathurst, 4, 2011-10-05T14:15:00, 1300, 1, 3, 6, 2, 57, MERCI GRAND, B WARD, 1, False
, NR, Bathurst, 4, 2011-10-05T14:15:00, 1300, 1, 3, 6, 6, 54, DANE'S JEWEL, R FREEMAN-KEY, 2, False
, NR, Bathurst, 4, 2011-10-05T14:15:00, 1300, 1, 3, 6, 5, 54, TRUE JEUNE, J W STANLEY, 3, True
, NR, Bathurst, 4, 2011-10-05T14:15:00, 1300, 1, 3, 6, 1, 54, SHREWD AS, G RYAN, 4, False
, NR, Bathurst, 4, 2011-10-05T14:15:00, 1300, 1, 3, 6, 3, 54, SO LIGHT, L MOLONEY, 5, False
, NR, Bathurst, 4, 2011-10-05T14:15:00, 1300, 1, 3, 6, 4, 54, FOREVER GRATEFUL, T GILLETT, 6, False
, NR, Bathurst, 5, 2011-10-05T14:53:00, 1400, 1, 3, 6, 8, 59.5, COEUR DE HERO, K NESTOR, 1, False
, NR, Bathurst, 5, 2011-10-05T14:53:00, 1400, 1, 3, 6, 9, 56.5, NATIONAL DAY, MATHEW CAHILL, 2, False
, NR, Bathurst, 5, 2011-10-05T14:53:00, 1400, 1, 3, 6, 4, 56.5, TORANAGA, A CAVALLO, 3, False
, NR, Bathurst, 5, 2011-10-05T14:53:00, 1400, 1, 3, 6, 6, 56, THE EX FACTOR, M TRAVERS, 4, False
, NR, Bathurst, 5, 2011-10-05T14:53:00, 1400, 1, 3, 6, 1, 54.5, CRAFTY TRADER, G BUCKLEY, 5, False
, NR, Bathurst, 5, 2011-10-05T14:53:00, 1400, 1, 3, 6, 5, 54, REGAL TZAR, J W STANLEY, 6, False
, NR, Bathurst, 5, 2011-10-05T14:53:00, 1400, 1, 3, 6, 2, 54, THUNDERGAZE, G RYAN, 7, True
, NR, Bathurst, 5, 2011-10-05T14:53:00, 1400, 1, 3, 6, 3, 54, SANGLIA, K DUNBAR, 8, False
, NR, Bathurst, 5, 2011-10-05T14:53:00, 1400, 1, 3, 6, 7, 54, MR ENZO, R FREEMAN-KEY, 9, False
, NR, Bathurst, 6, 2011-10-05T15:33:00, 1100, 1, 3, 6, 7, 58, BARBARY LION, M TRAVERS, 1, False
, NR, Bathurst, 6, 2011-10-05T15:33:00, 1100, 1, 3, 6, 8, 58, CYCLONE JACK, K DUNBAR, 2, False
, NR, Bathurst, 6, 2011-10-05T15:33:00, 1100, 1, 3, 6, 6, 58, DAKRON VALLEY, L MOLONEY, 3, False
, NR, Bathurst, 6, 2011-10-05T15:33:00, 1100, 1, 3, 6, 13, 58, HEAVE HO HEEBY, M LISTER, 4, False
, NR, Bathurst, 6, 2011-10-05T15:33:00, 1100, 1, 3, 6, 2, 56, ADAMANT, R FREEMAN-KEY, 5, False
, NR, Bathurst, 6, 2011-10-05T15:33:00, 1100, 1, 3, 6, 9, 56, BARLETTA, K NESTOR, 6, False
, NR, Bathurst, 6, 2011-10-05T15:33:00, 1100, 1, 3, 6, 11, 56, CANNY LIZ, G RYAN, 7, False
, NR, Bathurst, 6, 2011-10-05T15:33:00, 1100, 1, 3, 6, 12, 56, DARCY SPORTSGIRL, B WARD, 8, False
, NR, Bathurst, 6, 2011-10-05T15:33:00, 1100, 1, 3, 6, 5, 56, LAILAH JEAN, MATHEW CAHILL, 9, False
, NR, Bathurst, 6, 2011-10-05T15:33:00, 1100, 1, 3, 6, 10, 56, ROVINITA, JEFF KEHOE, 10, False
, NR, Bathurst, 6, 2011-10-05T15:33:00, 1100, 1, 3, 6, 1, 56, SHADE'S ROAD, J W STANLEY, 11, False
, NR, Bathurst, 6, 2011-10-05T15:33:00, 1100, 1, 3, 6, 4, 56, YORKED, G BUCKLEY, 12, True
, NR, Bathurst, 6, 2011-10-05T15:33:00, 1100, 1, 3, 6, 3, 56, EN FOR NELLIE, L WRAY(A), 13, False
, NR, Bathurst, 7, 2011-10-05T16:13:00, 1100, 1, 3, 6, 8, 56, CANNY COMPARE, L MOLONEY, 1, False
, NR, Bathurst, 7, 2011-10-05T16:13:00, 1100, 1, 3, 6, 3, 56, DUNDERRY, K DUNBAR, 2, False
, NR, Bathurst, 7, 2011-10-05T16:13:00, 1100, 1, 3, 6, 4, 56, FAST AND THORNY, B WARD, 3, False
, NR, Bathurst, 7, 2011-10-05T16:13:00, 1100, 1, 3, 6, 7, 56, NET WORTH, G BUCKLEY, 5, False
, NR, Bathurst, 7, 2011-10-05T16:13:00, 1100, 1, 3, 6, 9, 56, PUNISHER, M LISTER, 6, False
, NR, Bathurst, 7, 2011-10-05T16:13:00, 1100, 1, 3, 6, 2, 56, SPECKIE, M TRAVERS, 7, False
, NR, Bathurst, 7, 2011-10-05T16:13:00, 1100, 1, 3, 6, 1, 54, DONE FOR FUN, M HACKETT, 8, False
, NR, Bathurst, 7, 2011-10-05T16:13:00, 1100, 1, 3, 6, 6, 54, GOLD STRIKE, R FREEMAN-KEY, 9, False
, NR, Bathurst, 7, 2011-10-05T16:13:00, 1100, 1, 3, 6, 5, 54, L'UCCELLO ROSSO, MATHEW CAHILL, 10, False
, NR, Bathurst, 7, 2011-10-05T16:13:00, 1100, 1, 3, 6, 11, 54, REIBY REGINA, A CAVALLO, 11, True
, VR, Ballarat, 2, 2011-10-05T12:35:00, 1000, 2, 1, 3, 5, 59, MARINA DEL REY, J MOTT, 1, False
, VR, Ballarat, 2, 2011-10-05T12:35:00, 1000, 2, 1, 3, 4, 59, SHINY AND NEW, B HUSSEY(A), 2, True
, VR, Ballarat, 2, 2011-10-05T12:35:00, 1000, 2, 1, 3, 2, 59, TANGO EXPRESS, K MALLYON(A), 3, False
, VR, Ballarat, 2, 2011-10-05T12:35:00, 1000, 2, 1, 3, 1, 58, CLOSE THE DOOR, J BENBOW, 4, False
, VR, Ballarat, 2, 2011-10-05T12:35:00, 1000, 2, 1, 3, 6, 58, SAVE A PENNY, J LONDREGAN(A), 5, False
, VR, Ballarat, 2, 2011-10-05T12:35:00, 1000, 2, 1, 3, 3, 57, SHABANGABANG, D SMITH, 6, False
, VR, Ballarat, 2, 2011-10-05T12:35:00, 1000, 2, 1, 3, 7, 55, PODSNAP, L CROPP, 7, False
, VR, Ballarat, 2, 2011-10-05T12:35:00, 1000, 2, 1, 3, 9, 53.5, YOUR GRACE, I CULLIVER, 8, False
, VR, Ballarat, 2, 2011-10-05T12:35:00, 1000, 2, 1, 3, 8, 53, LEG ROOM, J MALLYON(A), 9, False
, VR, Ballarat, 2, 2011-10-05T12:35:00, 1000, 2, 1, 3, 10, 53, SKY SHOWER, P MERTENS, 10, False
, VR, Ballarat, 2, 2011-10-05T12:35:00, 1000, 2, 1, 3, 11, 53, FILOUKA, N MCLEAN, 11, False
, VR, Ballarat, 3, 2011-10-05T13:10:00, 1200, 2, 1, 3, 17, 57, GODDESS EPONA, C PULS, 1, False
, VR, Ballarat, 3, 2011-10-05T13:10:00, 1200, 2, 1, 3, 9, 57, MISS MUJA, D ADAM, 2, False
, VR, Ballarat, 3, 2011-10-05T13:10:00, 1200, 2, 1, 3, 13, 57, PICCADILLY DANCER, S BASTER, 3, False
, VR, Ballarat, 3, 2011-10-05T13:10:00, 1200, 2, 1, 3, 12, 54.5, AU FAIT, D DUNN, 4, False
, VR, Ballarat, 3, 2011-10-05T13:10:00, 1200, 2, 1, 3, 1, 54.5, HAWKSPA, J TODD, 5, False
, VR, Ballarat, 3, 2011-10-05T13:10:00, 1200, 2, 1, 3, 6, 54.5, HOWYA, R MALONEY, 6, False
, VR, Ballarat, 3, 2011-10-05T13:10:00, 1200, 2, 1, 3, 7, 54.5, MISS ASTRONOMER, N HALL, 7, False
, VR, Ballarat, 3, 2011-10-05T13:10:00, 1200, 2, 1, 3, 10, 54.5, MONACO LADY, C ROBERTSON, 8, False
, VR, Ballarat, 3, 2011-10-05T13:10:00, 1200, 2, 1, 3, 4, 54.5, PATTAMADA, J WINKS, 9, False
, VR, Ballarat, 3, 2011-10-05T13:10:00, 1200, 2, 1, 3, 15, 54.5, PONTINGTON, D NIKOLIC, 10, False
, VR, Ballarat, 3, 2011-10-05T13:10:00, 1200, 2, 1, 3, 2, 54.5, PRINCESS ROCK, D YENDALL, 11, False
, VR, Ballarat, 3, 2011-10-05T13:10:00, 1200, 2, 1, 3, 8, 54.5, RUSTANA, L CAMILLERI, 12, False
, VR, Ballarat, 3, 2011-10-05T13:10:00, 1200, 2, 1, 3, 16, 54.5, SECRET LIAISON, CHRIS SYMONS, 13, False
, VR, Ballarat, 3, 2011-10-05T13:10:00, 1200, 2, 1, 3, 11, 54.5, SNEGUROCHKA, P MERTENS, 14, False
, VR, Ballarat, 3, 2011-10-05T13:10:00, 1200, 2, 1, 3, 5, 54.5, WARONTED, D OLIVER, 15, False
, VR, Ballarat, 3, 2011-10-05T13:10:00, 1200, 2, 1, 3, 14, 54.5, ZHU JIANG, M ZAHRA, 16, True
, VR, Ballarat, 3, 2011-10-05T13:10:00, 1200, 2, 1, 3, 3, 57, HER DIAMONDS, L CROPP, 17, False
, VR, Ballarat, 4, 2011-10-05T13:45:00, 1600, 2, 1, 3, 1, 57, ANGELINO, S BASTER, 1, False
, VR, Ballarat, 4, 2011-10-05T13:45:00, 1600, 2, 1, 3, 8, 57, CHIEFTAIN JACK, L NOLEN, 2, False
, VR, Ballarat, 4, 2011-10-05T13:45:00, 1600, 2, 1, 3, 11, 57, DANARULE, STEVEN ARNOLD, 3, False
, VR, Ballarat, 4, 2011-10-05T13:45:00, 1600, 2, 1, 3, 6, 57, I HAVE A DREAM, M ZAHRA, 4, False
, VR, Ballarat, 4, 2011-10-05T13:45:00, 1600, 2, 1, 3, 4, 57, I MAXIMUS, R MCLEOD, 5, False
, VR, Ballarat, 4, 2011-10-05T13:45:00, 1600, 2, 1, 3, 7, 57, SLEEP'N PETE, D OLIVER, 6, True
, VR, Ballarat, 4, 2011-10-05T13:45:00, 1600, 2, 1, 3, 5, 57, ST CHRISTOPHE, D DUNN, 7, False
, VR, Ballarat, 4, 2011-10-05T13:45:00, 1600, 2, 1, 3, 9, 57, STRIDE, C ROBERTSON, 8, False
, VR, Ballarat, 4, 2011-10-05T13:45:00, 1600, 2, 1, 3, 12, 57, TORAHKA, N HALL, 9, False
, VR, Ballarat, 4, 2011-10-05T13:45:00, 1600, 2, 1, 3, 2, 55, I'MSINGINGTHEBLUES, D YENDALL, 10, False
, VR, Ballarat, 4, 2011-10-05T13:45:00, 1600, 2, 1, 3, 3, 55, READY ON TIME, M PAYNE, 11, False
, VR, Ballarat, 4, 2011-10-05T13:45:00, 1600, 2, 1, 3, 10, 55, RED TYPHOON, CHRIS SYMONS, 12, False
, VR, Ballarat, 5, 2011-10-05T14:20:00, 1600, 2, 1, 3, 2, 58.5, TIME MATTERS, STEVEN ARNOLD, 1, False
, VR, Ballarat, 5, 2011-10-05T14:20:00, 1600, 2, 1, 3, 11, 56, MILOCHELLO, N HALL, 2, False
, VR, Ballarat, 5, 2011-10-05T14:20:00, 1600, 2, 1, 3, 12, 54, TIAKINUI, S BASTER, 3, True
, VR, Ballarat, 5, 2011-10-05T14:20:00, 1600, 2, 1, 3, 3, 53.5, BUTWAITTHERESMORE, L CROPP, 4, False
, VR, Ballarat, 5, 2011-10-05T14:20:00, 1600, 2, 1, 3, 15, 53.5, RICEMAN, P MERTENS, 5, False
, VR, Ballarat, 5, 2011-10-05T14:20:00, 1600, 2, 1, 3, 1, 53.5, SKYSTREAMER, J MALLYON(A), 6, False
, VR, Ballarat, 5, 2011-10-05T14:20:00, 1600, 2, 1, 3, 8, 53.5, SYLVAN O'REILLY, D YENDALL, 7, False
, VR, Ballarat, 5, 2011-10-05T14:20:00, 1600, 2, 1, 3, 5, 53, EVEN ADAM, C ROBERTSON, 8, False
, VR, Ballarat, 5, 2011-10-05T14:20:00, 1600, 2, 1, 3, 10, 53, ELUSIVE KING, L NOLEN, 9, False
, VR, Ballarat, 5, 2011-10-05T14:20:00, 1600, 2, 1, 3, 6, 53, STAR OF JEUNE, M PAYNE, 10, False
, VR, Ballarat, 5, 2011-10-05T14:20:00, 1600, 2, 1, 3, 9, 53, ALMODOVAR, L MEECH, 11, False
, VR, Ballarat, 5, 2011-10-05T14:20:00, 1600, 2, 1, 3, 7, 53, DEAD END, D DUNN, 12, False
, VR, Ballarat, 5, 2011-10-05T14:20:00, 1600, 2, 1, 3, 14, 53, TORREFY, D SMITH, 13, False
, VR, Ballarat, 5, 2011-10-05T14:20:00, 1600, 2, 1, 3, 13, 53, LOVES LONG JOURNEY, C NEWITT, 14, False
, VR, Ballarat, 5, 2011-10-05T14:20:00, 1600, 2, 1, 3, 4, 53, FLASH MADICA, CHRIS SYMONS, 15, False
, VR, Ballarat, 6, 2011-10-05T15:00:00, 1600, 2, 1, 3, 13, 59, INNOCENT GAMBLE, M WALKER, 1, False
, VR, Ballarat, 6, 2011-10-05T15:00:00, 1600, 2, 1, 3, 7, 58, BEDOUIN EXPRESS, C NEWITT, 2, False
, VR, Ballarat, 6, 2011-10-05T15:00:00, 1600, 2, 1, 3, 10, 58, OUR INHERITANCE, R MCLEOD, 3, False
, VR, Ballarat, 6, 2011-10-05T15:00:00, 1600, 2, 1, 3, 6, 57.5, HAY BOB, C PULS, 4, False
, VR, Ballarat, 6, 2011-10-05T15:00:00, 1600, 2, 1, 3, 5, 57, EAU DE DALI, M RODD, 5, True
, VR, Ballarat, 6, 2011-10-05T15:00:00, 1600, 2, 1, 3, 4, 57, HALUVA STORM, D YENDALL, 6, False
, VR, Ballarat, 6, 2011-10-05T15:00:00, 1600, 2, 1, 3, 3, 56, ARCTIC POINT, B EVANS, 7, False
, VR, Ballarat, 6, 2011-10-05T15:00:00, 1600, 2, 1, 3, 12, 56, CRY IN AWE, L CURRIE, 8, False
, VR, Ballarat, 6, 2011-10-05T15:00:00, 1600, 2, 1, 3, 8, 56, GRAND SUNDAY, C ROBERTSON, 9, False
, VR, Ballarat, 6, 2011-10-05T15:00:00, 1600, 2, 1, 3, 1, 56, SHEZATEN, D NIKOLIC, 10, False
, VR, Ballarat, 6, 2011-10-05T15:00:00, 1600, 2, 1, 3, 9, 55.5, CARNEGIE DAN, N HALL, 11, False
, VR, Ballarat, 6, 2011-10-05T15:00:00, 1600, 2, 1, 3, 2, 55.5, DEMOCRAT, M ZAHRA, 12, False
, VR, Ballarat, 6, 2011-10-05T15:00:00, 1600, 2, 1, 3, 11, 55, CATCH A HEART, D OLIVER, 13, False
, VR, Ballarat, 7, 2011-10-05T15:40:00, 1100, 2, 1, 3, 9, 59, BREITLING, M ZAHRA, 1, False
, VR, Ballarat, 7, 2011-10-05T15:40:00, 1100, 2, 1, 3, 7, 58.5, SORISAM, D OLIVER, 2, False
, VR, Ballarat, 7, 2011-10-05T15:40:00, 1100, 2, 1, 3, 4, 58.5, YORKSHIRE LAD, CHRIS SYMONS, 3, False
, VR, Ballarat, 7, 2011-10-05T15:40:00, 1100, 2, 1, 3, 2, 58, OURPALARCHIE, D DUNN, 4, False
, VR, Ballarat, 7, 2011-10-05T15:40:00, 1100, 2, 1, 3, 10, 58, TEL ONNAH, B RAWILLER, 5, False
, VR, Ballarat, 7, 2011-10-05T15:40:00, 1100, 2, 1, 3, 1, 58, TOWCUTTER, M WALKER, 6, False
, VR, Ballarat, 7, 2011-10-05T15:40:00, 1100, 2, 1, 3, 6, 57.5, RESCHEDULED, R BOOTH, 7, False
, VR, Ballarat, 7, 2011-10-05T15:40:00, 1100, 2, 1, 3, 5, 57.5, SPECIAL CREDIT, C NEWITT, 8, False
, VR, Ballarat, 7, 2011-10-05T15:40:00, 1100, 2, 1, 3, 3, 57.5, TALE OF TWO CITIES, J MOTT, 9, False
, VR, Ballarat, 7, 2011-10-05T15:40:00, 1100, 2, 1, 3, 11, 57, SPEED OF DARK, D MOOR, 10, False
, VR, Ballarat, 7, 2011-10-05T15:40:00, 1100, 2, 1, 3, 8, 54.5, RED RAIN, J WINKS, 11, True
, VR, Ballarat, 8, 2011-10-05T16:20:00, 1400, 2, 1, 3, 4, 59, SIMPRE ARRIBA, STEVEN ARNOLD, 1, False
, VR, Ballarat, 8, 2011-10-05T16:20:00, 1400, 2, 1, 3, 9, 58.5, BISHAMONTEN, C NEWITT, 2, False
, VR, Ballarat, 8, 2011-10-05T16:20:00, 1400, 2, 1, 3, 13, 58, ACCLAIMED CHAOS, D OLIVER, 3, False
, VR, Ballarat, 8, 2011-10-05T16:20:00, 1400, 2, 1, 3, 7, 58, DISTANT RULER, L MEECH, 4, False
, VR, Ballarat, 8, 2011-10-05T16:20:00, 1400, 2, 1, 3, 5, 58, ZEEYAJIMI, J MALLYON(A), 5, False
, VR, Ballarat, 8, 2011-10-05T16:20:00, 1400, 2, 1, 3, 11, 57, BULLSEYE WADE, D MOOR, 6, False
, VR, Ballarat, 8, 2011-10-05T16:20:00, 1400, 2, 1, 3, 8, 57, NARINGALING, D SMITH, 7, False
, VR, Ballarat, 8, 2011-10-05T16:20:00, 1400, 2, 1, 3, 1, 56.5, DANYME, L CROPP, 8, False
, VR, Ballarat, 8, 2011-10-05T16:20:00, 1400, 2, 1, 3, 2, 56.5, DANZOYA, CHRIS SYMONS, 9, True
, VR, Ballarat, 8, 2011-10-05T16:20:00, 1400, 2, 1, 3, 6, 56.5, QUATRA VALVE, M ZAHRA, 10, False
, VR, Ballarat, 8, 2011-10-05T16:20:00, 1400, 2, 1, 3, 15, 55.5, GOGONSKI, N HALL, 11, False
, VR, Ballarat, 8, 2011-10-05T16:20:00, 1400, 2, 1, 3, 10, 55.5, OH TEARY ME, C PULS, 12, False
, VR, Ballarat, 8, 2011-10-05T16:20:00, 1400, 2, 1, 3, 12, 55, HEAVENLY WONDER, L NOLEN, 13, False
, VR, Ballarat, 8, 2011-10-05T16:20:00, 1400, 2, 1, 3, 3, 54.5, PEPPY KOALA, D DUNN, 14, False
, VR, Ballarat, 8, 2011-10-05T16:20:00, 1400, 2, 1, 3, 14, 53, INNOVATE, M PAYNE, 15, False
, AR, Gawler, 2, 2011-10-05T12:43:00, 1715, 3, 3, 7, 1, 57, APOSTLE, L STOJAKOVIC(A), 1, False
, AR, Gawler, 2, 2011-10-05T12:43:00, 1715, 3, 3, 7, 6, 57, DELZARGO, L HOPWOOD, 2, False
, AR, Gawler, 2, 2011-10-05T12:43:00, 1715, 3, 3, 7, 9, 57, MONSTARHIT, T PANNELL, 3, False
, AR, Gawler, 2, 2011-10-05T12:43:00, 1715, 3, 3, 7, 8, 57, MY EX MATE, S CAHILL, 4, True
, AR, Gawler, 2, 2011-10-05T12:43:00, 1715, 3, 3, 7, 3, 57, SPIRITS FLY, J POTTER, 5, False
, AR, Gawler, 2, 2011-10-05T12:43:00, 1715, 3, 3, 7, 7, 55, FRENZIED DANE, M NEILSON, 6, False
, AR, Gawler, 2, 2011-10-05T12:43:00, 1715, 3, 3, 7, 2, 55, LORD DUNRICH, T BAKER, 7, False
, AR, Gawler, 2, 2011-10-05T12:43:00, 1715, 3, 3, 7, 4, 55, MEADOWS MAID, M HOPPO, 8, False
, AR, Gawler, 2, 2011-10-05T12:43:00, 1715, 3, 3, 7, 11, 55, PERFECT CROWN, N ROSE(A), 9, False
, AR, Gawler, 2, 2011-10-05T12:43:00, 1715, 3, 3, 7, 5, 55, PHILLIE JAY, C LINDOP, 10, False
, AR, Gawler, 2, 2011-10-05T12:43:00, 1715, 3, 3, 7, 12, 55, REGAL JASMINE, S WESTOVER(A), 11, False
, AR, Gawler, 2, 2011-10-05T12:43:00, 1715, 3, 3, 7, 10, 55, SPECIAL KATE, S PRICE, 12, False
, AR, Gawler, 3, 2011-10-05T13:18:00, 1111, 3, 3, 7, 10, 57, BETTER ARK UP, T PANNELL, 1, False
, AR, Gawler, 3, 2011-10-05T13:18:00, 1111, 3, 3, 7, 11, 57, BIANSKI, M NEILSON, 2, False
, AR, Gawler, 3, 2011-10-05T13:18:00, 1111, 3, 3, 7, 6, 57, DJETICH, S PRICE, 3, False
, AR, Gawler, 3, 2011-10-05T13:18:00, 1111, 3, 3, 7, 5, 57, NESS, L STOJAKOVIC(A), 4, False
, AR, Gawler, 3, 2011-10-05T13:18:00, 1111, 3, 3, 7, 1, 57, ROYAL STORMY, J POTTER, 6, False
, AR, Gawler, 3, 2011-10-05T13:18:00, 1111, 3, 3, 7, 2, 57, RULING DOUBT, S CAHILL, 7, False
, AR, Gawler, 3, 2011-10-05T13:18:00, 1111, 3, 3, 7, 4, 57, SMARTY WELLS, L HOPWOOD, 8, False
, AR, Gawler, 3, 2011-10-05T13:18:00, 1111, 3, 3, 7, 7, 57, SOCIAL GAZE, S WESTOVER(A), 9, False
, AR, Gawler, 3, 2011-10-05T13:18:00, 1111, 3, 3, 7, 9, 57, YORKE PENINSULA, A PATTERSON, 10, True
, AR, Gawler, 3, 2011-10-05T13:18:00, 1111, 3, 3, 7, 13, 55, RAVENHURST, N ROSE(A), 11, False
, AR, Gawler, 3, 2011-10-05T13:18:00, 1111, 3, 3, 7, 3, 55, VIVA LA RANGA, C LINDOP, 12, False
, AR, Gawler, 3, 2011-10-05T13:18:00, 1111, 3, 3, 7, 8, 57, FANTASTIC REIGN, K BISHOP(A), 13, False
, AR, Gawler, 4, 2011-10-05T13:53:00, 1211, 3, 3, 7, 2, 56.5, AUSSIE BANDIT, L STOJAKOVIC(A), 1, False
, AR, Gawler, 4, 2011-10-05T13:53:00, 1211, 3, 3, 7, 11, 56.5, BULLOCK HEART, S CAHILL, 2, False
, AR, Gawler, 4, 2011-10-05T13:53:00, 1211, 3, 3, 7, 6, 56.5, GRANULATOR, A PATTERSON, 3, True
, AR, Gawler, 4, 2011-10-05T13:53:00, 1211, 3, 3, 7, 5, 56.5, HEAVENSAKE, T BAKER, 4, False
, AR, Gawler, 4, 2011-10-05T13:53:00, 1211, 3, 3, 7, 13, 56.5, MUGHAREEGA, D TOOTELL, 5, False
, AR, Gawler, 4, 2011-10-05T13:53:00, 1211, 3, 3, 7, 12, 56.5, NADAHKA, J FREW(A), 6, False
, AR, Gawler, 4, 2011-10-05T13:53:00, 1211, 3, 3, 7, 4, 56.5, SON OF NALA, L HOPWOOD, 7, False
, AR, Gawler, 4, 2011-10-05T13:53:00, 1211, 3, 3, 7, 9, 56.5, STRAIGHT EIGHT, T PANNELL, 8, False
, AR, Gawler, 4, 2011-10-05T13:53:00, 1211, 3, 3, 7, 1, 56.5, VELOCIDADE, M NEILSON, 9, False
, AR, Gawler, 4, 2011-10-05T13:53:00, 1211, 3, 3, 7, 7, 54.5, CALM CLEO, C LIONS(A), 10, False
, AR, Gawler, 4, 2011-10-05T13:53:00, 1211, 3, 3, 7, 14, 54.5, HENGELO, J POTTER, 12, False
, AR, Gawler, 4, 2011-10-05T13:53:00, 1211, 3, 3, 7, 3, 54.5, KISSED AGAIN, N ROSE(A), 13, False
, AR, Gawler, 4, 2011-10-05T13:53:00, 1211, 3, 3, 7, 8, 54.5, OUR COVER GIRL, S PRICE, 14, False
, AR, Gawler, 5, 2011-10-05T14:28:00, 2121, 3, 3, 7, 3, 58, CALLMEDAN, J POTTER, 1, False
, AR, Gawler, 5, 2011-10-05T14:28:00, 2121, 3, 3, 7, 4, 56.5, HANDSOME AS, J FREW(A), 2, False
, AR, Gawler, 5, 2011-10-05T14:28:00, 2121, 3, 3, 7, 8, 56, WALCOURT, J MATTHEWS(A), 3, False
, AR, Gawler, 5, 2011-10-05T14:28:00, 2121, 3, 3, 7, 6, 55.5, PIERREMONT EXPRESS, A PATTERSON, 4, True
, AR, Gawler, 5, 2011-10-05T14:28:00, 2121, 3, 3, 7, 5, 54.5, HURRICANE THUNDER, S PRICE, 5, False
, AR, Gawler, 5, 2011-10-05T14:28:00, 2121, 3, 3, 7, 9, 54, BIRCHMORE ROAD, L STOJAKOVIC(A), 6, False
, AR, Gawler, 5, 2011-10-05T14:28:00, 2121, 3, 3, 7, 2, 54, O'REILLY'S SON, C LINDOP, 7, False
, AR, Gawler, 5, 2011-10-05T14:28:00, 2121, 3, 3, 7, 1, 54, WIZARD OF GOTH, L HOPWOOD, 8, False
, AR, Gawler, 5, 2011-10-05T14:28:00, 2121, 3, 3, 7, 7, 54, GIANT VICTORY, T BAKER, 9, False
, AR, Gawler, 6, 2011-10-05T15:08:00, 1715, 3, 3, 7, 7, 58.5, ARAZAMATAZ, S CAHILL, 1, False
, AR, Gawler, 6, 2011-10-05T15:08:00, 1715, 3, 3, 7, 1, 58.5, DIVINE BEING, M NEILSON, 2, False
, AR, Gawler, 6, 2011-10-05T15:08:00, 1715, 3, 3, 7, 10, 58, MAKEATON, A PATTERSON, 3, False
, AR, Gawler, 6, 2011-10-05T15:08:00, 1715, 3, 3, 7, 8, 58, TRISTACAT, S WESTOVER(A), 4, False
, AR, Gawler, 6, 2011-10-05T15:08:00, 1715, 3, 3, 7, 9, 57.5, CRUZ'N NOW, J MATTHEWS(A), 5, True
, AR, Gawler, 6, 2011-10-05T15:08:00, 1715, 3, 3, 7, 5, 57.5, SONO PICCOLO, L STOJAKOVIC(A), 6, False
, AR, Gawler, 6, 2011-10-05T15:08:00, 1715, 3, 3, 7, 3, 56.5, JULIE MARIE, J POTTER, 7, False
, AR, Gawler, 6, 2011-10-05T15:08:00, 1715, 3, 3, 7, 2, 55, VISA BOY, L HOPWOOD, 8, False
, AR, Gawler, 6, 2011-10-05T15:08:00, 1715, 3, 3, 7, 6, 54.5, GRAND GROUP, C LINDOP, 9, False
, AR, Gawler, 6, 2011-10-05T15:08:00, 1715, 3, 3, 7, 4, 54, STRATOCRUISER, S PRICE, 10, False
, AR, Gawler, 7, 2011-10-05T15:48:00, 1111, 3, 3, 7, 7, 58, COURTING JUSTICE, J FREW(A), 1, False
, AR, Gawler, 7, 2011-10-05T15:48:00, 1111, 3, 3, 7, 10, 58, ENCOSTA DELIGHT, J POTTER, 2, False
, AR, Gawler, 7, 2011-10-05T15:48:00, 1111, 3, 3, 7, 3, 58, SHOT IN JEST, S WESTOVER(A), 3, False
, AR, Gawler, 7, 2011-10-05T15:48:00, 1111, 3, 3, 7, 2, 57, SIXTYKAY, S CAHILL, 4, False
, AR, Gawler, 7, 2011-10-05T15:48:00, 1111, 3, 3, 7, 11, 56.5, IMPERIAL RAIN, S PRICE, 5, False
, AR, Gawler, 7, 2011-10-05T15:48:00, 1111, 3, 3, 7, 1, 55, FOLAU, C LINDOP, 7, False
, AR, Gawler, 7, 2011-10-05T15:48:00, 1111, 3, 3, 7, 12, 55, HE'S A HOUNDOG, A HERRMANN(A), 8, False
, AR, Gawler, 7, 2011-10-05T15:48:00, 1111, 3, 3, 7, 9, 55, TWILIGHT DANCER, L HOPWOOD, 9, False
, AR, Gawler, 7, 2011-10-05T15:48:00, 1111, 3, 3, 7, 6, 55, ZAI JIAN, M NEILSON, 10, True
, AR, Gawler, 7, 2011-10-05T15:48:00, 1111, 3, 3, 7, 4, 53, CATTYSHACK, A PATTERSON, 11, False
, AR, Gawler, 7, 2011-10-05T15:48:00, 1111, 3, 3, 7, 5, 53, YE BEAUTY, T BAKER, 12, False
, AR, Gawler, 8, 2011-10-05T16:28:00, 1211, 3, 3, 7, 7, 58, JUSTIFY THAT, T BAKER, 1, False
, AR, Gawler, 8, 2011-10-05T16:28:00, 1211, 3, 3, 7, 6, 58, MISSIONARY MAN, L HOPWOOD, 2, False
, AR, Gawler, 8, 2011-10-05T16:28:00, 1211, 3, 3, 7, 4, 56.5, CURACA HILL, J FREW(A), 3, False
, AR, Gawler, 8, 2011-10-05T16:28:00, 1211, 3, 3, 7, 9, 54.5, DAILY FLYER, N ROSE(A), 4, False
, AR, Gawler, 8, 2011-10-05T16:28:00, 1211, 3, 3, 7, 10, 54, SALUTE THE GENERAL, S PRICE, 5, False
, AR, Gawler, 8, 2011-10-05T16:28:00, 1211, 3, 3, 7, 8, 54, THE CATCHER, M NEILSON, 6, False
, AR, Gawler, 8, 2011-10-05T16:28:00, 1211, 3, 3, 7, 2, 53.5, CLEARLY PASSIONATE, A PATTERSON, 7, True
, AR, Gawler, 8, 2011-10-05T16:28:00, 1211, 3, 3, 7, 3, 53, FLOWER FORCE, C LIONS(A), 8, False
, AR, Gawler, 8, 2011-10-05T16:28:00, 1211, 3, 3, 7, 5, 53, BICKER, C LINDOP, 9, False
, AR, Gawler, 8, 2011-10-05T16:28:00, 1211, 3, 3, 7, 1, 53, OUR DESTINATION, A HERRMANN(A), 10, False
, PR, Belmont, 1, 2011-10-05T14:33:00, 1200, 1, 1, 2, 5, 58, ABSOLUTE CRACKER, B KENNEDY(A), 1, False
, PR, Belmont, 1, 2011-10-05T14:33:00, 1200, 1, 1, 2, 3, 58, PURE HEAVEN, B PARNHAM, 2, False
, PR, Belmont, 1, 2011-10-05T14:33:00, 1200, 1, 1, 2, 12, 55, AVA'S ANGEL, C MCCALLUM, 3, False
, PR, Belmont, 1, 2011-10-05T14:33:00, 1200, 1, 1, 2, 8, 55, CITY MAGIC, S MEERES, 4, False
, PR, Belmont, 1, 2011-10-05T14:33:00, 1200, 1, 1, 2, 1, 55, COMTESSE LA GRAN, R HILL(A), 5, False
, PR, Belmont, 1, 2011-10-05T14:33:00, 1200, 1, 1, 2, 9, 55, DARK MISS, W PIKE, 6, True
, PR, Belmont, 1, 2011-10-05T14:33:00, 1200, 1, 1, 2, 11, 55, DUE PROCESS, JASON BROWN, 7, False
, PR, Belmont, 1, 2011-10-05T14:33:00, 1200, 1, 1, 2, 7, 55, HYDROFLIGHT, P CARBERY, 8, False
, PR, Belmont, 1, 2011-10-05T14:33:00, 1200, 1, 1, 2, 4, 55, INTEREST RATE HIKE, DUNCAN MILLER(A), 9, False
, PR, Belmont, 1, 2011-10-05T14:33:00, 1200, 1, 1, 2, 2, 55, LOVERS NO MORE, S O'DONNELL, 10, False
, PR, Belmont, 1, 2011-10-05T14:33:00, 1200, 1, 1, 2, 10, 55, PATRIOTIC CAUSE, J WHITING, 11, False
, PR, Belmont, 1, 2011-10-05T14:33:00, 1200, 1, 1, 2, 13, 55, PUSH THE TEMPO, JARRAD NOSKE, 12, False
, PR, Belmont, 1, 2011-10-05T14:33:00, 1200, 1, 1, 2, 17, 55, SAMERAY, K YUILL(A), 13, False
, PR, Belmont, 1, 2011-10-05T14:33:00, 1200, 1, 1, 2, 16, 55, VOICES OF SPRING, R NIELSEN(A), 15, False
, PR, Belmont, 1, 2011-10-05T14:33:00, 1200, 1, 1, 2, 6, 55, WEONA LADY, S PARNHAM, 16, False
, PR, Belmont, 1, 2011-10-05T14:33:00, 1200, 1, 1, 2, 18, 54.5, ZIPPRON, P KING, 17, False
, PR, Belmont, 2, 2011-10-05T15:13:00, 1200, 1, 1, 2, 10, 58.5, SAXON COAST, J WHITING, 1, False
, PR, Belmont, 2, 2011-10-05T15:13:00, 1200, 1, 1, 2, 17, 57.5, VENETIAN PRINCE, JARRAD NOSKE, 2, False
, PR, Belmont, 2, 2011-10-05T15:13:00, 1200, 1, 1, 2, 15, 56.5, CAT FIVE, P CARBERY, 3, False
, PR, Belmont, 2, 2011-10-05T15:13:00, 1200, 1, 1, 2, 14, 56.5, SUCCESS PARK, T TURNER, 4, False
, PR, Belmont, 2, 2011-10-05T15:13:00, 1200, 1, 1, 2, 16, 55.5, DARCI TIME, C CHATFIELD, 5, False
, PR, Belmont, 2, 2011-10-05T15:13:00, 1200, 1, 1, 2, 7, 55.5, FABULISTIC, S PARNHAM, 6, False
, PR, Belmont, 2, 2011-10-05T15:13:00, 1200, 1, 1, 2, 2, 55.5, JAVELIN JACK, S O'DONNELL, 7, False
, PR, Belmont, 2, 2011-10-05T15:13:00, 1200, 1, 1, 2, 11, 55.5, MR PINK, M CHUI, 8, False
, PR, Belmont, 2, 2011-10-05T15:13:00, 1200, 1, 1, 2, 12, 55.5, OLD PIRATE, T IKENUSHI, 9, False
, PR, Belmont, 2, 2011-10-05T15:13:00, 1200, 1, 1, 2, 3, 55.5, RUCKSACK, P KING, 10, False
, PR, Belmont, 2, 2011-10-05T15:13:00, 1200, 1, 1, 2, 18, 55.5, SCIDO, C MCCALLUM, 11, False
, PR, Belmont, 2, 2011-10-05T15:13:00, 1200, 1, 1, 2, 5, 55.5, SKIRMISHER, W PIKE, 12, False
, PR, Belmont, 2, 2011-10-05T15:13:00, 1200, 1, 1, 2, 8, 55.5, SMART AS A FOX, JARRAD NOSKE, 13, True
, PR, Belmont, 2, 2011-10-05T15:13:00, 1200, 1, 1, 2, 4, 55.5, STRIKING SCENE, S MCGRUDDY, 14, False
, PR, Belmont, 2, 2011-10-05T15:13:00, 1200, 1, 1, 2, 6, 55.5, TULLIUS, JASON BROWN, 15, False
, PR, Belmont, 2, 2011-10-05T15:13:00, 1200, 1, 1, 2, 9, 55.5, YOUBETYA, B PARNHAM, 16, False
, PR, Belmont, 2, 2011-10-05T15:13:00, 1200, 1, 1, 2, 13, 54, GLENESK, S MEERES, 17, False
, PR, Belmont, 3, 2011-10-05T15:53:00, 1200, 1, 1, 2, 12, 57.5, DANTE'S PRINCESS, T IKENUSHI, 1, False
, PR, Belmont, 3, 2011-10-05T15:53:00, 1200, 1, 1, 2, 8, 56, AMBER DREAM, B KENNEDY(A), 2, False
, PR, Belmont, 3, 2011-10-05T15:53:00, 1200, 1, 1, 2, 1, 56, ANGELIC HEART, W PIKE, 3, False
, PR, Belmont, 3, 2011-10-05T15:53:00, 1200, 1, 1, 2, 4, 56, FELINED, JARRAD NOSKE, 4, False
, PR, Belmont, 3, 2011-10-05T15:53:00, 1200, 1, 1, 2, 11, 56, IMABUTU, M BAZELEY, 5, False
, PR, Belmont, 3, 2011-10-05T15:53:00, 1200, 1, 1, 2, 10, 56, IT'SASTAR, B PARNHAM, 6, False
, PR, Belmont, 3, 2011-10-05T15:53:00, 1200, 1, 1, 2, 7, 55.5, DESIRE PATH, C MCCALLUM, 7, False
, PR, Belmont, 3, 2011-10-05T15:53:00, 1200, 1, 1, 2, 3, 54.5, CROSSELLE, S O'DONNELL, 8, False
, PR, Belmont, 3, 2011-10-05T15:53:00, 1200, 1, 1, 2, 2, 54.5, METALLICA, K YUILL(A), 9, False
, PR, Belmont, 3, 2011-10-05T15:53:00, 1200, 1, 1, 2, 6, 53, MAVROMATA, JASON BROWN, 10, True
, PR, Belmont, 3, 2011-10-05T15:53:00, 1200, 1, 1, 2, 5, 53, TRIUMPHANT TIMES, S MEERES, 11, False
, PR, Belmont, 3, 2011-10-05T15:53:00, 1200, 1, 1, 2, 9, 53, VAIN DIVA, P CARBERY, 12, False
, PR, Belmont, 4, 2011-10-05T16:33:00, 1200, 1, 1, 2, 12, 57.5, DANTE ZONTE, R FORREST(A), 1, False
, PR, Belmont, 4, 2011-10-05T16:33:00, 1200, 1, 1, 2, 4, 57, GANNOCHY, JARRAD NOSKE, 2, False
, PR, Belmont, 4, 2011-10-05T16:33:00, 1200, 1, 1, 2, 11, 57, HAAGEN, K AHO(A), 3, True
, PR, Belmont, 4, 2011-10-05T16:33:00, 1200, 1, 1, 2, 3, 56, NEW TIME, JASON BROWN, 4, False
, PR, Belmont, 4, 2011-10-05T16:33:00, 1200, 1, 1, 2, 9, 55.5, CHEEKY GIGGLE, K YUILL(A), 5, False
, PR, Belmont, 4, 2011-10-05T16:33:00, 1200, 1, 1, 2, 2, 55.5, GREY JABIRU, T TURNER, 6, False
, PR, Belmont, 4, 2011-10-05T16:33:00, 1200, 1, 1, 2, 5, 55.5, PRIVATE CITY, W PIKE, 7, False
, PR, Belmont, 4, 2011-10-05T16:33:00, 1200, 1, 1, 2, 1, 55.5, VICTOBOUGG, S MCGRUDDY, 8, False
, PR, Belmont, 4, 2011-10-05T16:33:00, 1200, 1, 1, 2, 6, 55.5, WONDER WEED, S O'DONNELL, 9, False
, PR, Belmont, 4, 2011-10-05T16:33:00, 1200, 1, 1, 2, 8, 54.5, BENDIT, C CHATFIELD, 10, False
, PR, Belmont, 4, 2011-10-05T16:33:00, 1200, 1, 1, 2, 13, 54.5, VOLUMINOUS, P CARBERY, 11, False
, PR, Belmont, 4, 2011-10-05T16:33:00, 1200, 1, 1, 2, 7, 54, CASARTELLI, S MEERES, 12, False
, PR, Belmont, 4, 2011-10-05T16:33:00, 1200, 1, 1, 2, 10, 53, WORTHY SCHOLAR, R HILL(A), 13, False
, PR, Belmont, 5, 2011-10-05T17:10:00, 1000, 1, 1, 2, 10, 57.5, EDADI, B PARNHAM, 1, False
, PR, Belmont, 5, 2011-10-05T17:10:00, 1000, 1, 1, 2, 15, 57.5, TURING, W PIKE, 2, False
, PR, Belmont, 5, 2011-10-05T17:10:00, 1000, 1, 1, 2, 11, 57, CAPPUCCINO TIME, J WHITING, 3, False
, PR, Belmont, 5, 2011-10-05T17:10:00, 1000, 1, 1, 2, 9, 57, EDDIE'S FURY, J AZZOPARDI(A), 4, False
, PR, Belmont, 5, 2011-10-05T17:10:00, 1000, 1, 1, 2, 18, 57, TUDOR ROYAL, K YUILL(A), 5, False
, PR, Belmont, 5, 2011-10-05T17:10:00, 1000, 1, 1, 2, 3, 56.5, EASI CUMMINS, JASON BROWN, 6, False
, PR, Belmont, 5, 2011-10-05T17:10:00, 1000, 1, 1, 2, 4, 56, LISETTA, S PARNHAM, 7, True
, PR, Belmont, 5, 2011-10-05T17:10:00, 1000, 1, 1, 2, 8, 56, LOST OPERA, M PATEMAN(A), 8, False
, PR, Belmont, 5, 2011-10-05T17:10:00, 1000, 1, 1, 2, 5, 56, YSMAEL, T TURNER, 9, False
, PR, Belmont, 5, 2011-10-05T17:10:00, 1000, 1, 1, 2, 1, 55.5, GALVANISE, S O'DONNELL, 10, False
, PR, Belmont, 5, 2011-10-05T17:10:00, 1000, 1, 1, 2, 12, 55, CALDO, P CARBERY, 11, False
, PR, Belmont, 5, 2011-10-05T17:10:00, 1000, 1, 1, 2, 6, 54.5, HULA ROCK, S MCGRUDDY, 12, False
, PR, Belmont, 5, 2011-10-05T17:10:00, 1000, 1, 1, 2, 16, 54.5, WHITE POINTER, S MEERES, 13, False
, PR, Belmont, 5, 2011-10-05T17:10:00, 1000, 1, 1, 2, 7, 53.5, DIANELLA, C STAPLES, 15, False
, PR, Belmont, 5, 2011-10-05T17:10:00, 1000, 1, 1, 2, 14, 53, BRADBURY'S CHOICE, A ROGERS(A), 16, False
, PR, Belmont, 5, 2011-10-05T17:10:00, 1000, 1, 1, 2, 2, 53, MOSALISHUS, T IKENUSHI, 17, False
, PR, Belmont, 6, 2011-10-05T17:45:00, 1600, 1, 1, 2, 12, 58, SOONEST, H DIENER(A), 1, False
, PR, Belmont, 6, 2011-10-05T17:45:00, 1600, 1, 1, 2, 11, 57.5, DOUTABLE, S O'DONNELL, 2, False
, PR, Belmont, 6, 2011-10-05T17:45:00, 1600, 1, 1, 2, 3, 57.5, LEICA SCENE, K YUILL(A), 3, False
, PR, Belmont, 6, 2011-10-05T17:45:00, 1600, 1, 1, 2, 9, 57.5, OUT OF THE SKY, M BAZELEY, 4, False
, PR, Belmont, 6, 2011-10-05T17:45:00, 1600, 1, 1, 2, 2, 57, SILVER BUSINESS, A ROGERS(A), 5, False
, PR, Belmont, 6, 2011-10-05T17:45:00, 1600, 1, 1, 2, 1, 56.5, XAARABLAZE, C CHATFIELD, 6, False
, PR, Belmont, 6, 2011-10-05T17:45:00, 1600, 1, 1, 2, 5, 56, DELTA REIGN, M CHUI, 7, False
, PR, Belmont, 6, 2011-10-05T17:45:00, 1600, 1, 1, 2, 4, 56, FIERY NIGHTS, R HILL(A), 8, False
, PR, Belmont, 6, 2011-10-05T17:45:00, 1600, 1, 1, 2, 6, 56, NOTACLUE, C MCCALLUM, 9, False
, PR, Belmont, 6, 2011-10-05T17:45:00, 1600, 1, 1, 2, 13, 55.5, JACKSON ROCKS, J WHITING, 10, False
, PR, Belmont, 6, 2011-10-05T17:45:00, 1600, 1, 1, 2, 8, 55, AFRICAN DAWN, T TURNER, 11, False
, PR, Belmont, 6, 2011-10-05T17:45:00, 1600, 1, 1, 2, 10, 55, COOKS LANDING, R NIELSEN(A), 12, False
, PR, Belmont, 6, 2011-10-05T17:45:00, 1600, 1, 1, 2, 15, 55, ON THE WARPATH, JARRAD NOSKE, 13, False
, PR, Belmont, 6, 2011-10-05T17:45:00, 1600, 1, 1, 2, 7, 54.5, TABBY TALE, P CARBERY, 14, False
, PR, Belmont, 6, 2011-10-05T17:45:00, 1600, 1, 1, 2, 14, 54, DIVINE DANCER, W PIKE, 15, True
, PR, Belmont, 7, 2011-10-05T18:21:00, 1400, 1, 1, 2, 1, 58, ELLJAY, S O'DONNELL, 1, False
, PR, Belmont, 7, 2011-10-05T18:21:00, 1400, 1, 1, 2, 10, 58, OSCAR WILDLY, A HEARN(A), 2, False
, PR, Belmont, 7, 2011-10-05T18:21:00, 1400, 1, 1, 2, 5, 57.5, KNIGHT FURY, P CARBERY, 3, False
, PR, Belmont, 7, 2011-10-05T18:21:00, 1400, 1, 1, 2, 9, 57, DEVILISH INTENT, S MCGRUDDY, 4, False
, PR, Belmont, 7, 2011-10-05T18:21:00, 1400, 1, 1, 2, 7, 56.5, CRISTIANO, JARRAD NOSKE, 5, False
, PR, Belmont, 7, 2011-10-05T18:21:00, 1400, 1, 1, 2, 6, 56.5, IF YOU DO, DUNCAN MILLER(A), 6, False
, PR, Belmont, 7, 2011-10-05T18:21:00, 1400, 1, 1, 2, 11, 56.5, SHADESOFTIME, P KING, 7, False
, PR, Belmont, 7, 2011-10-05T18:21:00, 1400, 1, 1, 2, 2, 56, BIG JOSH, C MCCALLUM, 8, False
, PR, Belmont, 7, 2011-10-05T18:21:00, 1400, 1, 1, 2, 4, 56, DON'T SAY BOO, J WHITING, 9, False
, PR, Belmont, 7, 2011-10-05T18:21:00, 1400, 1, 1, 2, 3, 56, THE WIDDER, W PIKE, 10, False
, PR, Belmont, 7, 2011-10-05T18:21:00, 1400, 1, 1, 2, 8, 55, SKY MAGIC, K YUILL(A), 11, True
, PR, Belmont, 8, 2011-10-05T18:55:00, 1400, 1, 1, 2, 7, 58, COME FLIRT WITH ME, W PIKE, 1, True
, PR, Belmont, 8, 2011-10-05T18:55:00, 1400, 1, 1, 2, 10, 58, PRINCE KODIAK, B PARNHAM, 2, False
, PR, Belmont, 8, 2011-10-05T18:55:00, 1400, 1, 1, 2, 8, 57.5, ACHEATIN' SMILE, A KENNEDY, 3, False
, PR, Belmont, 8, 2011-10-05T18:55:00, 1400, 1, 1, 2, 1, 57.5, SACRED SCRIPT, DUNCAN MILLER(A), 4, False
, PR, Belmont, 8, 2011-10-05T18:55:00, 1400, 1, 1, 2, 9, 57, HUSSATION, C MCCALLUM, 5, False
, PR, Belmont, 8, 2011-10-05T18:55:00, 1400, 1, 1, 2, 3, 57, LADY LADETTE, R HILL(A), 6, False
, PR, Belmont, 8, 2011-10-05T18:55:00, 1400, 1, 1, 2, 5, 56.5, CHIRON, J WHITING, 7, False
, PR, Belmont, 8, 2011-10-05T18:55:00, 1400, 1, 1, 2, 4, 56.5, OUR IVY, A HEARN(A), 8, False
, PR, Belmont, 8, 2011-10-05T18:55:00, 1400, 1, 1, 2, 6, 56.5, UNIVERSAL MIST, JARRAD NOSKE, 9, False
, PR, Belmont, 8, 2011-10-05T18:55:00, 1400, 1, 1, 2, 13, 56, DARK HUMOR, S MEERES, 10, False
, PR, Belmont, 8, 2011-10-05T18:55:00, 1400, 1, 1, 2, 2, 55.5, STAR BEAU, W WHITE, 11, False
, PR, Belmont, 8, 2011-10-05T18:55:00, 1400, 1, 1, 2, 12, 55.5, VIKING, S O'DONNELL, 12, False
, PR, Belmont, 8, 2011-10-05T18:55:00, 1400, 1, 1, 2, 11, 55, SKY DIVA, K YUILL(A), 13, False
, BS, Nottingham, 1, 2011-10-05T23:00:00, 1200, 2, 1, 0, 10, 60.5, ROOKNRASBRYRIPPLE, A CULHANE, 1, False
, BS, Nottingham, 1, 2011-10-05T23:00:00, 1200, 2, 1, 0, 7, 60.5, GUAVA, S LEVEY, 2, True
, BS, Nottingham, 1, 2011-10-05T23:00:00, 1200, 2, 1, 0, 8, 60, I'M A DOUGHNUT, K FALLON, 3, False
, BS, Nottingham, 1, 2011-10-05T23:00:00, 1200, 2, 1, 0, 9, 59.5, WISH AGAIN, A NICHOLLS, 4, False
, BS, Nottingham, 1, 2011-10-05T23:00:00, 1200, 2, 1, 0, 13, 59.5, JAY KAY, N FARLEY, 5, False
, BS, Nottingham, 1, 2011-10-05T23:00:00, 1200, 2, 1, 0, 16, 59, ELEGANT FLIGHT, H BENTLEY, 6, False
, BS, Nottingham, 1, 2011-10-05T23:00:00, 1200, 2, 1, 0, 4, 58.5, ENDLESS APPLAUSE, A RYAN, 7, False
, BS, Nottingham, 1, 2011-10-05T23:00:00, 1200, 2, 1, 0, 2, 58.5, SWEET OVATION, R KNELLER, 8, False
, BS, Nottingham, 1, 2011-10-05T23:00:00, 1200, 2, 1, 0, 14, 57.5, FLOSSE, J-P GUILLAMBERT, 9, False
, BS, Nottingham, 1, 2011-10-05T23:00:00, 1200, 2, 1, 0, 15, 57.5, CHORISTER GIRL, T QUEALLY, 10, False
, BS, Nottingham, 1, 2011-10-05T23:00:00, 1200, 2, 1, 0, 3, 57, LADY GADFLY, F TYLICKI, 11, False
, BS, Nottingham, 1, 2011-10-05T23:00:00, 1200, 2, 1, 0, 12, 57, KATHRYN PERRY, C GANNON, 12, False
, BS, Nottingham, 1, 2011-10-05T23:00:00, 1200, 2, 1, 0, 17, 56.5, MOUNT MCLEOD, D SWEENEY, 13, False
, BS, Nottingham, 1, 2011-10-05T23:00:00, 1200, 2, 1, 0, 6, 56, FERDY, J SULLIVAN, 14, False
, BS, Nottingham, 1, 2011-10-05T23:00:00, 1200, 2, 1, 0, 5, 56, VILLA REIGNS, T EAVES, 15, False
, BS, Nottingham, 1, 2011-10-05T23:00:00, 1200, 2, 1, 0, 11, 55.5, FIRST REBELLION, N CALLAN, 16, False
, BS, Nottingham, 1, 2011-10-05T23:00:00, 1200, 2, 1, 0, 1, 55, DYLAN'S DREAM, D ALLAN, 17, False
, BS, Nottingham, 2, 2011-10-05T23:30:00, 1200, 2, 1, 0, 11, 60.5, CLASS MONITOR, M HARLEY, 1, False
, BS, Nottingham, 2, 2011-10-05T23:30:00, 1200, 2, 1, 0, 5, 60, FIFTEENTWO, A NICHOLLS, 2, True
, BS, Nottingham, 2, 2011-10-05T23:30:00, 1200, 2, 1, 0, 12, 59.5, AUSSIE GUEST, M DAVIES, 3, False
, BS, Nottingham, 2, 2011-10-05T23:30:00, 1200, 2, 1, 0, 2, 59.5, CAT QUEEN, D PROBERT, 4, False
, BS, Nottingham, 2, 2011-10-05T23:30:00, 1200, 2, 1, 0, 10, 59, RED SHADOW, S DE SOUSA, 5, False
, BS, Nottingham, 2, 2011-10-05T23:30:00, 1200, 2, 1, 0, 7, 59, DEDUCTION, W CARSON, 6, False
, BS, Nottingham, 2, 2011-10-05T23:30:00, 1200, 2, 1, 0, 15, 58.5, NEW ROMANTIC, B MCHUGH, 7, False
, BS, Nottingham, 2, 2011-10-05T23:30:00, 1200, 2, 1, 0, 16, 58, INYA HOUSE, S SANDERS, 8, False
, BS, Nottingham, 2, 2011-10-05T23:30:00, 1200, 2, 1, 0, 1, 57.5, AVE SOFIA, J FANNING, 9, False
, BS, Nottingham, 2, 2011-10-05T23:30:00, 1200, 2, 1, 0, 13, 57, PICURA, M DWYER, 10, False
, BS, Nottingham, 2, 2011-10-05T23:30:00, 1200, 2, 1, 0, 8, 57, CATARACT, J SULLIVAN, 11, False
, BS, Nottingham, 2, 2011-10-05T23:30:00, 1200, 2, 1, 0, 17, 56.5, SABUSA, N LOOBY, 12, False
, BS, Nottingham, 2, 2011-10-05T23:30:00, 1200, 2, 1, 0, 14, 56, ECHO OF DUBAI, C CATLIN, 13, False
, BS, Nottingham, 2, 2011-10-05T23:30:00, 1200, 2, 1, 0, 3, 56, M J WOODWARD, C GANNON, 14, False
, BS, Nottingham, 2, 2011-10-05T23:30:00, 1200, 2, 1, 0, 6, 55.5, REGAL ACCLAIM, P HANAGAN, 15, False
, BS, Nottingham, 2, 2011-10-05T23:30:00, 1200, 2, 1, 0, 9, 55.5, LADY HELLO, A CULHANE, 16, False
, BS, Nottingham, 2, 2011-10-05T23:30:00, 1200, 2, 1, 0, 4, 54.5, FIRST OF FEBRUARY, N MACKAY, 17, False
, BS, Nottingham, 3, 2011-10-06T00:00:00, 1200, 2, 1, 0, 1, 58.5, EXCELLENT JEM, T QUEALLY, 1, False
, BS, Nottingham, 3, 2011-10-06T00:00:00, 1200, 2, 1, 0, 7, 58.5, IDLER, S DE SOUSA, 2, False
, BS, Nottingham, 3, 2011-10-06T00:00:00, 1200, 2, 1, 0, 3, 58.5, LUCKY HENRY, J FAHY, 3, True
, BS, Nottingham, 3, 2011-10-06T00:00:00, 1200, 2, 1, 0, 4, 58.5, TARQUIN, T EAVES, 4, False
, BS, Nottingham, 3, 2011-10-06T00:00:00, 1200, 2, 1, 0, 8, 58.5, TIOMAN PEARL, N CALLAN, 5, False
, BS, Nottingham, 3, 2011-10-06T00:00:00, 1200, 2, 1, 0, 5, 58.5, ZAFONIC STAR, R CLARK, 6, False
, BS, Nottingham, 3, 2011-10-06T00:00:00, 1200, 2, 1, 0, 6, 56.5, AILANTHUS, D O'NEILL, 7, False
, BS, Nottingham, 3, 2011-10-06T00:00:00, 1200, 2, 1, 0, 2, 56.5, LADY MANDY, P HANAGAN, 8, False
, BS, Nottingham, 4, 2011-10-06T00:30:00, 1600, 2, 1, 0, 5, 58.5, CTAPPERS, M DAVIES, 1, False
, BS, Nottingham, 4, 2011-10-06T00:30:00, 1600, 2, 1, 0, 7, 58.5, FENNELL BAY, F DETTORI, 2, True
, BS, Nottingham, 4, 2011-10-06T00:30:00, 1600, 2, 1, 0, 2, 58.5, FREE HOUSE, M DWYER, 3, False
, BS, Nottingham, 4, 2011-10-06T00:30:00, 1600, 2, 1, 0, 3, 58.5, GREY MIRAGE, W BUICK, 4, False
, BS, Nottingham, 4, 2011-10-06T00:30:00, 1600, 2, 1, 0, 9, 58.5, MEET JOE BLACK, C GANNON, 5, False
, BS, Nottingham, 4, 2011-10-06T00:30:00, 1600, 2, 1, 0, 6, 58.5, ONEBYTHEKNOWS, S LEVEY, 6, False
, BS, Nottingham, 4, 2011-10-06T00:30:00, 1600, 2, 1, 0, 1, 58.5, POETIC POWER, P HANAGAN, 7, False
, BS, Nottingham, 4, 2011-10-06T00:30:00, 1600, 2, 1, 0, 4, 58.5, TEIDE PEAK, S DE SOUSA, 8, False
, BS, Nottingham, 4, 2011-10-06T00:30:00, 1600, 2, 1, 0, 8, 56.5, MISTY EYES, G GIBBONS, 9, False
, AS, Durbanville, 1, 2011-10-05T20:15:00, 1200, 1, 1, 0, 5, 58, AIM OF THE GAME, M BYLEVELD, 1, False
, AS, Durbanville, 1, 2011-10-05T20:15:00, 1200, 1, 1, 0, 1, 58, KABOOL'S ANGEL, S CORMACK, 2, False
, AS, Durbanville, 1, 2011-10-05T20:15:00, 1200, 1, 1, 0, 12, 58, MAGNOLIA PARK, B MORGENROOD, 3, False
, AS, Durbanville, 1, 2011-10-05T20:15:00, 1200, 1, 1, 0, 15, 58, AZANIAH, V MINOTT, 4, False
, AS, Durbanville, 1, 2011-10-05T20:15:00, 1200, 1, 1, 0, 3, 58, DREAM AGAIN, G WRIGHT(A), 5, False
, AS, Durbanville, 1, 2011-10-05T20:15:00, 1200, 1, 1, 0, 10, 58, FIRST FAVOUR, A NIENABER, 6, False
, AS, Durbanville, 1, 2011-10-05T20:15:00, 1200, 1, 1, 0, 4, 58, JAMAICA PRINCESS, G SCHLECHTER, 7, False
, AS, Durbanville, 1, 2011-10-05T20:15:00, 1200, 1, 1, 0, 14, 58, LES PLANCHES, R KHATHI, 8, False
, AS, Durbanville, 1, 2011-10-05T20:15:00, 1200, 1, 1, 0, 9, 58, MOVINGANDGROOVING, F COETZEE, 9, False
, AS, Durbanville, 1, 2011-10-05T20:15:00, 1200, 1, 1, 0, 8, 58, RANGE RUNNER, K TEETAN, 10, False
, AS, Durbanville, 1, 2011-10-05T20:15:00, 1200, 1, 1, 0, 11, 58, RAZZLE DAZZLE ROSE, A FORTUNE, 11, True
, AS, Durbanville, 1, 2011-10-05T20:15:00, 1200, 1, 1, 0, 13, 58, ST LEDGER, A DOMEYER, 12, False
, AS, Durbanville, 1, 2011-10-05T20:15:00, 1200, 1, 1, 0, 6, 58, TYPHOON TASH, C PULLER, 13, False
, AS, Durbanville, 1, 2011-10-05T20:15:00, 1200, 1, 1, 0, 7, 58, WANDA, D ASHBY, 14, False
, AS, Durbanville, 1, 2011-10-05T20:15:00, 1200, 1, 1, 0, 2, 58, COSMIC FLOWER, G VAN NIEKERK, 15, False
, AS, Durbanville, 2, 2011-10-05T20:50:00, 1200, 1, 1, 0, 6, 58, FALLING BLOSSOM, G HATT, 1, False
, AS, Durbanville, 2, 2011-10-05T20:50:00, 1200, 1, 1, 0, 5, 58, MOONLAKE, A DOMEYER, 2, False
, AS, Durbanville, 2, 2011-10-05T20:50:00, 1200, 1, 1, 0, 11, 58, JEAN'S PRIDE, M BYLEVELD, 3, True
, AS, Durbanville, 2, 2011-10-05T20:50:00, 1200, 1, 1, 0, 1, 58, BLUEVANA, O NOACH, 4, False
, AS, Durbanville, 2, 2011-10-05T20:50:00, 1200, 1, 1, 0, 3, 58, FANCY ME, F ANTHONY, 5, False
, AS, Durbanville, 2, 2011-10-05T20:50:00, 1200, 1, 1, 0, 10, 58, FINAL FLOURISH, S CORMACK, 6, False
, AS, Durbanville, 2, 2011-10-05T20:50:00, 1200, 1, 1, 0, 7, 58, FUGETTA, G SCHLECHTER, 7, False
, AS, Durbanville, 2, 2011-10-05T20:50:00, 1200, 1, 1, 0, 14, 58, GOLD ACADEMY, B MORGENROOD, 8, False
, AS, Durbanville, 2, 2011-10-05T20:50:00, 1200, 1, 1, 0, 12, 58, LADY DAYLIGHT, A FORTUNE, 9, False
, AS, Durbanville, 2, 2011-10-05T20:50:00, 1200, 1, 1, 0, 13, 58, MISS K, G VAN NIEKERK, 10, False
, AS, Durbanville, 2, 2011-10-05T20:50:00, 1200, 1, 1, 0, 9, 58, POINTING AT A STAR, F COETZEE, 11, False
, AS, Durbanville, 2, 2011-10-05T20:50:00, 1200, 1, 1, 0, 8, 58, SHAFT OF LIGHT, R KHATHI, 12, False
, AS, Durbanville, 2, 2011-10-05T20:50:00, 1200, 1, 1, 0, 4, 58, WITH BENEFITS, K TEETAN, 13, False
, AS, Durbanville, 2, 2011-10-05T20:50:00, 1200, 1, 1, 0, 2, 58, WOODBERRY, M WINNAAR, 14, False
, AS, Durbanville, 3, 2011-10-05T21:25:00, 1200, 1, 1, 0, 10, 58, LAKE SUPERIOR, S CORMACK, 1, False
, AS, Durbanville, 3, 2011-10-05T21:25:00, 1200, 1, 1, 0, 16, 58, DUPONT CIRCLE, K TEETAN, 2, False
, AS, Durbanville, 3, 2011-10-05T21:25:00, 1200, 1, 1, 0, 4, 58, JACK FLASH, G VAN NIEKERK, 3, False
, AS, Durbanville, 3, 2011-10-05T21:25:00, 1200, 1, 1, 0, 2, 58, OUTBOUND, O NOACH, 4, False
, AS, Durbanville, 3, 2011-10-05T21:25:00, 1200, 1, 1, 0, 1, 58, BAXTER, C DU PLOOY, 5, False
, AS, Durbanville, 3, 2011-10-05T21:25:00, 1200, 1, 1, 0, 8, 58, BLUE SUEDE SHOES, M BYLEVELD, 6, False
, AS, Durbanville, 3, 2011-10-05T21:25:00, 1200, 1, 1, 0, 6, 58, BRONCO BUSTER, G HATT, 7, False
, AS, Durbanville, 3, 2011-10-05T21:25:00, 1200, 1, 1, 0, 5, 58, DESTINY'S TALE, T GOULD(A), 8, False
, AS, Durbanville, 3, 2011-10-05T21:25:00, 1200, 1, 1, 0, 11, 58, FORT NELSON, F COETZEE, 9, False
, AS, Durbanville, 3, 2011-10-05T21:25:00, 1200, 1, 1, 0, 7, 58, MARCHANT, B MORGENROOD, 10, True
, AS, Durbanville, 3, 2011-10-05T21:25:00, 1200, 1, 1, 0, 12, 58, PUTNEY FLYER, G SCHLECHTER, 11, False
, AS, Durbanville, 3, 2011-10-05T21:25:00, 1200, 1, 1, 0, 3, 58, THE PROFESSOR, A DOMEYER, 12, False
, AS, Durbanville, 3, 2011-10-05T21:25:00, 1200, 1, 1, 0, 14, 58, VARDASHIAN, M WINNAAR, 13, False
, AS, Durbanville, 3, 2011-10-05T21:25:00, 1200, 1, 1, 0, 9, 58, WINTER DYNASTY, A FORTUNE, 14, False
, AS, Durbanville, 4, 2011-10-05T22:00:00, 1200, 1, 1, 0, 2, 60, LORD FORT WOOD, A FORTUNE, 1, False
, AS, Durbanville, 4, 2011-10-05T22:00:00, 1200, 1, 1, 0, 8, 60, GOLDEN DANE, B MORGENROOD, 2, False
, AS, Durbanville, 4, 2011-10-05T22:00:00, 1200, 1, 1, 0, 4, 59.5, BAD WINTER, B MORGENROOD, 3, False
, AS, Durbanville, 4, 2011-10-05T22:00:00, 1200, 1, 1, 0, 3, 59.5, CAPTAINOFTHEGUARD, A DOMEYER, 4, False
, AS, Durbanville, 4, 2011-10-05T22:00:00, 1200, 1, 1, 0, 5, 59, MASTER MASCUS, G HATT, 5, True
, AS, Durbanville, 4, 2011-10-05T22:00:00, 1200, 1, 1, 0, 6, 59, MADE OF STEEL, M BYLEVELD, 6, False
, AS, Durbanville, 4, 2011-10-05T22:00:00, 1200, 1, 1, 0, 9, 57, INSURGENT, F COETZEE, 7, False
, AS, Durbanville, 4, 2011-10-05T22:00:00, 1200, 1, 1, 0, 1, 56.5, BOIS DE VAR, K TEETAN, 8, False
, AS, Durbanville, 4, 2011-10-05T22:00:00, 1200, 1, 1, 0, 7, 56.5, POWER DIVE, G SCHLECHTER, 9, False
, AS, Durbanville, 5, 2011-10-05T22:40:00, 1000, 1, 1, 0, 3, 60, TARGET ACQUIRED, M BYLEVELD, 1, False
, AS, Durbanville, 5, 2011-10-05T22:40:00, 1000, 1, 1, 0, 6, 57, HOWDOULIKEMENOW, G HATT, 2, True
, AS, Durbanville, 5, 2011-10-05T22:40:00, 1000, 1, 1, 0, 5, 57, VARUSHKA, K TEETAN, 3, False
, AS, Durbanville, 5, 2011-10-05T22:40:00, 1000, 1, 1, 0, 7, 56, CORK FOREST, A DOMEYER, 4, False
, AS, Durbanville, 5, 2011-10-05T22:40:00, 1000, 1, 1, 0, 4, 53.5, SPARTAN EMBLEM, G WRIGHT(A), 5, False
, AS, Durbanville, 5, 2011-10-05T22:40:00, 1000, 1, 1, 0, 1, 52, BLACK BANDANA, T GOULD(A), 6, False
, AS, Durbanville, 5, 2011-10-05T22:40:00, 1000, 1, 1, 0, 2, 52, ISIDINGO, G VAN NIEKERK, 7, False
, AS, Durbanville, 6, 2011-10-05T23:15:00, 2000, 1, 1, 0, 8, 61, EL JADIDA, A DOMEYER, 1, False
, AS, Durbanville, 6, 2011-10-05T23:15:00, 2000, 1, 1, 0, 4, 57.5, MYSTERY DAME, R KHATHI, 2, False
, AS, Durbanville, 6, 2011-10-05T23:15:00, 2000, 1, 1, 0, 7, 53.5, LAST FLIGHT, G VAN NIEKERK, 3, False
, AS, Durbanville, 6, 2011-10-05T23:15:00, 2000, 1, 1, 0, 2, 53.5, MARY HINGE, S CORMACK, 4, True
, AS, Durbanville, 6, 2011-10-05T23:15:00, 2000, 1, 1, 0, 1, 53.5, RIGHT AND READY, G HATT, 5, False
, AS, Durbanville, 6, 2011-10-05T23:15:00, 2000, 1, 1, 0, 6, 52, BLUE VISTA, T GOULD(A), 6, False
, AS, Durbanville, 6, 2011-10-05T23:15:00, 2000, 1, 1, 0, 5, 52, FLORENTINA, J DLADLA(A), 7, False
, AS, Durbanville, 6, 2011-10-05T23:15:00, 2000, 1, 1, 0, 3, 52, MERINGUE, K TEETAN, 8, False
, AS, Durbanville, 7, 2011-10-05T23:50:00, 1600, 1, 1, 0, 8, 60, LAKE ARTHUR, A FORTUNE, 1, False
, AS, Durbanville, 7, 2011-10-05T23:50:00, 1600, 1, 1, 0, 4, 60, ABINGTON, S CORMACK, 2, False
, AS, Durbanville, 7, 2011-10-05T23:50:00, 1600, 1, 1, 0, 1, 60, POLAR BOUND, K TEETAN, 3, False
, AS, Durbanville, 7, 2011-10-05T23:50:00, 1600, 1, 1, 0, 5, 60, ANOTHER GIANT, A DOMEYER, 4, False
, AS, Durbanville, 7, 2011-10-05T23:50:00, 1600, 1, 1, 0, 7, 60, ABSALOM, G SCHLECHTER, 5, False
, AS, Durbanville, 7, 2011-10-05T23:50:00, 1600, 1, 1, 0, 3, 59.5, KOMATIPOORT, G VAN NIEKERK, 6, False
, AS, Durbanville, 7, 2011-10-05T23:50:00, 1600, 1, 1, 0, 2, 56.5, WESTERN DANE, B MORGENROOD, 7, False
, AS, Durbanville, 7, 2011-10-05T23:50:00, 1600, 1, 1, 0, 6, 55.5, TAIPAN, F COETZEE, 8, True
, AS, Durbanville, 8, 2011-10-06T00:20:00, 1400, 1, 1, 0, 12, 60, ENTRADOR, B MORGENROOD, 1, False
, AS, Durbanville, 8, 2011-10-06T00:20:00, 1400, 1, 1, 0, 6, 60, PARLIAMENT, G HATT, 2, False
, AS, Durbanville, 8, 2011-10-06T00:20:00, 1400, 1, 1, 0, 7, 59, WINTER MIGRANT, A FORTUNE, 3, False
, AS, Durbanville, 8, 2011-10-06T00:20:00, 1400, 1, 1, 0, 14, 58, HIDDEN RESERVE, K TEETAN, 4, False
, AS, Durbanville, 8, 2011-10-06T00:20:00, 1400, 1, 1, 0, 9, 58, SPLIT THE PROFIT, S CORMACK, 5, False
, AS, Durbanville, 8, 2011-10-06T00:20:00, 1400, 1, 1, 0, 3, 58, VIBRANT JET, F COETZEE, 6, False
, AS, Durbanville, 8, 2011-10-06T00:20:00, 1400, 1, 1, 0, 5, 58, WINTERBERG, M BYLEVELD, 7, False
, AS, Durbanville, 8, 2011-10-06T00:20:00, 1400, 1, 1, 0, 16, 57.5, ADMIRAL JOHN PETER, G SCHLECHTER, 8, False
, AS, Durbanville, 8, 2011-10-06T00:20:00, 1400, 1, 1, 0, 11, 57.5, THE PHENOM, G VAN NIEKERK, 9, False
, AS, Durbanville, 8, 2011-10-06T00:20:00, 1400, 1, 1, 0, 4, 57.5, WESTERN LEADER, A DOMEYER, 10, False
, AS, Durbanville, 8, 2011-10-06T00:20:00, 1400, 1, 1, 0, 2, 57, CASEY DE ROCHE, J JORDAAN, 11, False
, AS, Durbanville, 8, 2011-10-06T00:20:00, 1400, 1, 1, 0, 13, 57, INFINITYANDBEYOND, V MINOTT, 12, False
, AS, Durbanville, 8, 2011-10-06T00:20:00, 1400, 1, 1, 0, 1, 56, SYLVESTER, O NOACH, 13, False
, AS, Durbanville, 8, 2011-10-06T00:20:00, 1400, 1, 1, 0, 15, 56, MEGAPIXEL, A NIENABER, 14, False
, AS, Durbanville, 8, 2011-10-06T00:20:00, 1400, 1, 1, 0, 10, 54.5, HAWAIIAN JET, D ASHBY, 15, False
, AS, Durbanville, 8, 2011-10-06T00:20:00, 1400, 1, 1, 0, 8, 52.5, HEAVENLY BANDIT, T GOULD(A), 16, True
, CS, UK, 1, 2011-10-05T23:10:00, 3200, 1, 1, 0, 1, 75.5, BACCALAUREATE, S TWISTON-DAVIES, 1, True
, CS, UK, 1, 2011-10-05T23:10:00, 3200, 1, 1, 0, 2, 75.5, FOOL'S WILDCAT, A MCCOY, 2, False
, CS, UK, 1, 2011-10-05T23:10:00, 3200, 1, 1, 0, 3, 73.5, JIM TANGO, J KINGTON, 3, False
, CS, UK, 1, 2011-10-05T23:10:00, 3200, 1, 1, 0, 4, 72, AGENTE ROMANO, P MOLONEY, 4, False
, CS, UK, 1, 2011-10-05T23:10:00, 3200, 1, 1, 0, 5, 69, BABY JUDGE, O GARNER, 5, False
, CS, UK, 1, 2011-10-05T23:10:00, 3200, 1, 1, 0, 6, 69, DANESMAN, J MOORE, 6, False
, CS, UK, 1, 2011-10-05T23:10:00, 3200, 1, 1, 0, 7, 69, LION ROAD, T SCUDAMORE, 7, False
, CS, UK, 1, 2011-10-05T23:10:00, 3200, 1, 1, 0, 8, 69, NALEDI, A WEDGE, 8, False
, CS, UK, 1, 2011-10-05T23:10:00, 3200, 1, 1, 0, 9, 69, WEET IN NERJA, M HAMPTON, 9, False
, CS, UK, 2, 2011-10-05T23:40:00, 4200, 1, 1, 0, 1, 71.5, AMERICAN LADIE, R MAHON, 1, True
, CS, UK, 2, 2011-10-05T23:40:00, 4200, 1, 1, 0, 2, 71.5, FINE LACE, A WEDGE, 2, False
, CS, UK, 2, 2011-10-05T23:40:00, 4200, 1, 1, 0, 3, 68, AT PRESENT, R JOHNSON, 3, False
, CS, UK, 2, 2011-10-05T23:40:00, 4200, 1, 1, 0, 4, 68, FLY TOWN, P MOLONEY, 4, False
, CS, UK, 2, 2011-10-05T23:40:00, 4200, 1, 1, 0, 5, 68, MY GIRL MILLIE, T O'BRIEN, 5, False
, CS, UK, 3, 2011-10-06T00:10:00, 4800, 1, 1, 0, 1, 75.5, COOTEHILL, S TWISTON-DAVIES, 1, False
, CS, UK, 3, 2011-10-06T00:10:00, 4800, 1, 1, 0, 2, 75, SEA WALL, A BERRY, 2, False
, CS, UK, 3, 2011-10-06T00:10:00, 4800, 1, 1, 0, 3, 74, RIPALONG LAD, J MOORE, 3, False
, CS, UK, 3, 2011-10-06T00:10:00, 4800, 1, 1, 0, 4, 73.5, CALYPSO BAY, A MCCOY, 4, False
, CS, UK, 3, 2011-10-06T00:10:00, 4800, 1, 1, 0, 5, 73, PLUNKETT, A WEDGE, 5, False
, CS, UK, 3, 2011-10-06T00:10:00, 4800, 1, 1, 0, 6, 72.5, ALESANDRO MANTEGNA, T MURPHY, 6, False
, CS, UK, 3, 2011-10-06T00:10:00, 4800, 1, 1, 0, 7, 72.5, BOLD PERK, C WALLIS, 7, True
, CS, UK, 3, 2011-10-06T00:10:00, 4800, 1, 1, 0, 8, 72, MIDNIGHT GOLD, W HUTCHINSON, 8, False
, CS, UK, 3, 2011-10-06T00:10:00, 4800, 1, 1, 0, 9, 72, PERSIAN RUN, J TIZZARD, 9, False
, CS, UK, 3, 2011-10-06T00:10:00, 4800, 1, 1, 0, 10, 70, BACKFROMTHECONGO, R JOHNSON, 10, False
, CS, UK, 3, 2011-10-06T00:10:00, 4800, 1, 1, 0, 11, 69.5, BAILY STORM, D JACOB, 11, False
, CS, UK, 4, 2011-10-06T00:40:00, 4200, 1, 1, 0, 1, 75.5, GREAT MATES, T SCUDAMORE, 1, False
, CS, UK, 4, 2011-10-06T00:40:00, 4200, 1, 1, 0, 2, 73, ANOTHER KATE, S THOMAS, 2, False
, CS, UK, 4, 2011-10-06T00:40:00, 4200, 1, 1, 0, 3, 73, MICKMACMAGOOLE, A WEDGE, 3, False
, CS, UK, 4, 2011-10-06T00:40:00, 4200, 1, 1, 0, 4, 73, MALIBU SUN, L ASPELL, 4, False
, CS, UK, 4, 2011-10-06T00:40:00, 4200, 1, 1, 0, 5, 72.5, DARK ENERGY, P BRENNAN, 5, False
, CS, UK, 4, 2011-10-06T00:40:00, 4200, 1, 1, 0, 6, 72, NOT SO SURE DICK, A TINKLER, 6, False
, CS, UK, 4, 2011-10-06T00:40:00, 4200, 1, 1, 0, 7, 71, MAURITINO, A MCCOY, 7, True
, CS, UK, 4, 2011-10-06T00:40:00, 4200, 1, 1, 0, 8, 70, FOLIE A DEUX, M GRIFFITHS, 8, False
, CS, UK, 4, 2011-10-06T00:40:00, 4200, 1, 1, 0, 9, 64.5, KAYF COMMANDER, J KINGTON, 9, False
, ES, England, 1, 2011-10-05T23:20:00, 4200, 2, 1, 0, 1, 75.5, HALUCHA, D ELSWORTH, 1, True
, ES, England, 1, 2011-10-05T23:20:00, 4200, 2, 1, 0, 2, 74.5, TRIBAL DANCE, A COLEMAN, 2, False
, ES, England, 1, 2011-10-05T23:20:00, 4200, 2, 1, 0, 3, 74.5, DOT OR FEATHER, D COSTELLO, 3, False
, ES, England, 1, 2011-10-05T23:20:00, 4200, 2, 1, 0, 4, 73, LIVING PROOF, S O'DONOVAN, 4, False
, ES, England, 1, 2011-10-05T23:20:00, 4200, 2, 1, 0, 5, 67.5, SALFORD ROSE, L EDWARDS, 5, False
, ES, England, 2, 2011-10-05T23:50:00, 3300, 2, 1, 0, 1, 71.5, DICA, J REVELEY, 1, False
, ES, England, 2, 2011-10-05T23:50:00, 3300, 2, 1, 0, 2, 71.5, LE REVEUR, H HAYNES, 2, False
, ES, England, 2, 2011-10-05T23:50:00, 3300, 2, 1, 0, 3, 71.5, OLYMPIAN, K WOODS, 3, False
, ES, England, 2, 2011-10-05T23:50:00, 3300, 2, 1, 0, 4, 68, DARAZ ROSE, C TIMMONS, 4, False
, ES, England, 2, 2011-10-05T23:50:00, 3300, 2, 1, 0, 5, 68, REG'S RUBY, T PHELAN, 5, True
, ES, England, 3, 2011-10-06T00:20:00, 3200, 2, 1, 0, 1, 75.5, GIANT O MURCHU, H SKELTON, 1, True
, ES, England, 3, 2011-10-06T00:20:00, 3200, 2, 1, 0, 2, 75, YOSSI, H HAYNES, 2, False
, ES, England, 3, 2011-10-06T00:20:00, 3200, 2, 1, 0, 3, 74.5, RED WHISPER, T MESSENGER, 3, False
, ES, England, 3, 2011-10-06T00:20:00, 3200, 2, 1, 0, 4, 74.5, PHOENIX EYE, B TOOMEY, 4, False
, ES, England, 3, 2011-10-06T00:20:00, 3200, 2, 1, 0, 5, 72.5, MEZARAT, S DRINKWATER, 5, False
, ES, England, 3, 2011-10-06T00:20:00, 3200, 2, 1, 0, 6, 70.5, RED LANCER, F DE GILES, 6, False
, ES, England, 3, 2011-10-06T00:20:00, 3200, 2, 1, 0, 7, 69.5, CITYAR, J MCCARTHY, 7, False
, ES, England, 3, 2011-10-06T00:20:00, 3200, 2, 1, 0, 8, 69.5, BACK TO PARIS, C BOXALL, 8, False
, ES, England, 3, 2011-10-06T00:20:00, 3200, 2, 1, 0, 9, 68, MUNICH, C TIMMONS, 9, False
, ES, England, 3, 2011-10-06T00:20:00, 3200, 2, 1, 0, 10, 67.5, LOMBOK, J MOORE, 10, False
, ES, England, 4, 2011-10-06T00:50:00, 3200, 2, 1, 0, 1, 72.5, QUIET WHISPER, C GREENE, 1, False
, ES, England, 4, 2011-10-06T00:50:00, 3200, 2, 1, 0, 2, 69, ALARMING ALACRITY, C RING, 2, False
, ES, England, 4, 2011-10-06T00:50:00, 3200, 2, 1, 0, 3, 69, RUN ALONG BOY, D COSTELLO, 3, True
, ES, England, 4, 2011-10-06T00:50:00, 3200, 2, 1, 0, 4, 69, SMALL FLY, A GLASSONBURY, 4, False
, ZS, Gore, 6, 2011-10-05T12:42:00, 1355, 1, 1, 0, 1, 57, GUITARZAN, CHRIS JOHNSON, 1, False
, ZS, Gore, 6, 2011-10-05T12:42:00, 1355, 1, 1, 0, 4, 57, IMA DUDE, J BATES, 2, False
, ZS, Gore, 6, 2011-10-05T12:42:00, 1355, 1, 1, 0, 12, 57, MAXIE BOY, S MUNIANDY(A), 3, False
, ZS, Gore, 6, 2011-10-05T12:42:00, 1355, 1, 1, 0, 8, 57, MR TRIMBOLE, L ROBINSON, 4, False
, ZS, Gore, 6, 2011-10-05T12:42:00, 1355, 1, 1, 0, 2, 57, JUSTJOHNO, D WALSH, 5, False
, ZS, Gore, 6, 2011-10-05T12:42:00, 1355, 1, 1, 0, 7, 55.5, FRANCES MERCY, J MISBAH, 7, False
, ZS, Gore, 6, 2011-10-05T12:42:00, 1355, 1, 1, 0, 9, 55.5, ROYAL AMETHYST, I MILLER(A), 8, False
, ZS, Gore, 6, 2011-10-05T12:42:00, 1355, 1, 1, 0, 10, 55.5, ASTRALIGHT, L CALLAWAY, 9, True
, ZS, Gore, 6, 2011-10-05T12:42:00, 1355, 1, 1, 0, 5, 55.5, BOKKIE BOKKIE, K WILLIAMS, 10, False
, ZS, Gore, 6, 2011-10-05T12:42:00, 1355, 1, 1, 0, 11, 55.5, KASBAH KEEPER, T MOSELEY, 11, False
, ZS, Gore, 6, 2011-10-05T12:42:00, 1355, 1, 1, 0, 6, 55.5, THRILLER, A MCKAY(A), 12, False
, ZS, Gore, 7, 2011-10-05T13:17:00, 1355, 1, 1, 0, 2, 60, VINTNER, J BULLARD, 1, False
, ZS, Gore, 7, 2011-10-05T13:17:00, 1355, 1, 1, 0, 5, 55.5, GOLDEN SPOT, T DIREEN(A), 2, False
, ZS, Gore, 7, 2011-10-05T13:17:00, 1355, 1, 1, 0, 3, 55.5, ORLOV, J MORRIS, 3, True
, ZS, Gore, 7, 2011-10-05T13:17:00, 1355, 1, 1, 0, 6, 54.5, COPPERHEAD ROAD, K SELVAN, 4, False
, ZS, Gore, 7, 2011-10-05T13:17:00, 1355, 1, 1, 0, 8, 54.5, KLASSICPINS, CHRIS JOHNSON, 5, False
, ZS, Gore, 7, 2011-10-05T13:17:00, 1355, 1, 1, 0, 4, 54.5, NOT MY RUBY, K WILLIAMS, 6, False
, ZS, Gore, 7, 2011-10-05T13:17:00, 1355, 1, 1, 0, 1, 54, MANGAROA LAD, J BATES, 7, False
, ZS, Gore, 7, 2011-10-05T13:17:00, 1355, 1, 1, 0, 7, 54, SOCIETY SYD, T MOSELEY, 8, False
, ZS, Gore, 8, 2011-10-05T13:52:00, 1200, 1, 1, 0, 8, 59, DANZATIGER, S MUNIANDY(A), 1, False
, ZS, Gore, 8, 2011-10-05T13:52:00, 1200, 1, 1, 0, 2, 58, MIDNITE MURMA'S, K WILLIAMS, 2, False
, ZS, Gore, 8, 2011-10-05T13:52:00, 1200, 1, 1, 0, 11, 57.5, LEICA BUD, T DIREEN(A), 3, False
, ZS, Gore, 8, 2011-10-05T13:52:00, 1200, 1, 1, 0, 10, 56, I'M VITAL, J BATES, 4, False
, ZS, Gore, 8, 2011-10-05T13:52:00, 1200, 1, 1, 0, 4, 56, AMIGO, T MOSELEY, 5, False
, ZS, Gore, 8, 2011-10-05T13:52:00, 1200, 1, 1, 0, 7, 56, RICHARD TRIMBOLE, L ROBINSON, 6, False
, ZS, Gore, 8, 2011-10-05T13:52:00, 1200, 1, 1, 0, 9, 55.5, KINCAPLE PRINCESS, J MORRIS, 7, False
, ZS, Gore, 8, 2011-10-05T13:52:00, 1200, 1, 1, 0, 6, 55.5, ELBEESUTINA, I MILLER(A), 8, False
, ZS, Gore, 8, 2011-10-05T13:52:00, 1200, 1, 1, 0, 1, 54.5, RUSHINELLA, D WALSH, 9, False
, ZS, Gore, 8, 2011-10-05T13:52:00, 1200, 1, 1, 0, 3, 54.5, REMEMBRANCE, CHRIS JOHNSON, 10, False
, ZS, Gore, 8, 2011-10-05T13:52:00, 1200, 1, 1, 0, 5, 54.5, MISS EL BEE DEE, A MCKAY(A), 11, True
, ZS, Gore, 9, 2011-10-05T14:27:00, 2000, 1, 1, 0, 9, 58, UNCLE JIM, J BULLARD, 1, False
, ZS, Gore, 9, 2011-10-05T14:27:00, 2000, 1, 1, 0, 10, 58, THE GUTTERSNIPE, J MORRIS, 3, False
, ZS, Gore, 9, 2011-10-05T14:27:00, 2000, 1, 1, 0, 5, 57, CITY ROY, CHRIS JOHNSON, 4, False
, ZS, Gore, 9, 2011-10-05T14:27:00, 2000, 1, 1, 0, 4, 57, IRVING AVENUE, D WALSH, 5, True
, ZS, Gore, 9, 2011-10-05T14:27:00, 2000, 1, 1, 0, 15, 57, HIGH FORTY, S MUNIANDY(A), 6, False
, ZS, Gore, 9, 2011-10-05T14:27:00, 2000, 1, 1, 0, 2, 56, GARGAMEL, L ROBINSON, 7, False
, ZS, Gore, 9, 2011-10-05T14:27:00, 2000, 1, 1, 0, 14, 56, APARIMA DAN, T MOSELEY, 8, False
, ZS, Gore, 9, 2011-10-05T14:27:00, 2000, 1, 1, 0, 13, 56, WALTER MAC, K SELVAN, 9, False
, ZS, Gore, 9, 2011-10-05T14:27:00, 2000, 1, 1, 0, 1, 56, I LIE KIT, I MILLER(A), 10, False
, ZS, Gore, 9, 2011-10-05T14:27:00, 2000, 1, 1, 0, 3, 55.5, BIG NITE PENDING, K WILLIAMS, 11, False
, ZS, Gore, 9, 2011-10-05T14:27:00, 2000, 1, 1, 0, 11, 55.5, PRYZILLIAN, J BATES, 12, False
, ZS, Gore, 9, 2011-10-05T14:27:00, 2000, 1, 1, 0, 7, 54.5, KAY'S COMMAND, J MISBAH, 13, False
, ZS, Gore, 9, 2011-10-05T14:27:00, 2000, 1, 1, 0, 12, 54.5, SWEET ABOUT ME, L CALLAWAY, 14, False
